<?xml version="1.0" encoding="UTF-8" standalone="no"?><Level speed="3" xSize="2400" ySize="2400"><Entity Name="block_g" Rotation="0" xLocation="0" yLocation="1152"/><Entity Name="block_g" Rotation="0" xLocation="0" yLocation="1152"/><Entity Name="block_g" Rotation="0" xLocation="64" yLocation="1152"/><Entity Name="block_g" Rotation="0" xLocation="128" yLocation="1152"/><Entity Name="block_g" Rotation="0" xLocation="192" yLocation="1152"/><Entity Name="block_g" Rotation="0" xLocation="192" yLocation="1152"/><Entity Name="block_g" Rotation="0" xLocation="0" yLocation="2304"/><Entity Name="block_g" Rotation="0" xLocation="64" yLocation="2304"/><Entity Name="block_g" Rotation="0" xLocation="0" yLocation="2368"/><Entity Name="block_g" Rotation="0" xLocation="64" yLocation="2368"/><Entity Name="block_g" Rotation="0" xLocation="128" yLocation="2304"/><Entity Name="block_g" Rotation="0" xLocation="128" yLocation="2368"/><Entity Name="block_g" Rotation="0" xLocation="192" yLocation="2304"/><Entity Name="block_g" Rotation="0" xLocation="192" yLocation="2368"/><Entity Name="block_g" Rotation="0" xLocation="256" yLocation="2304"/><Entity Name="block_g" Rotation="0" xLocation="256" yLocation="2368"/><Entity Name="block_g" Rotation="0" xLocation="320" yLocation="2304"/><Entity Name="block_g" Rotation="0" xLocation="320" yLocation="2368"/><Entity Name="block_g" Rotation="0" xLocation="384" yLocation="2304"/><Entity Name="block_g" Rotation="0" xLocation="384" yLocation="2368"/><Entity Name="block_g" Rotation="0" xLocation="448" yLocation="2240"/><Entity Name="block_g" Rotation="0" xLocation="448" yLocation="2304"/><Entity Name="block_g" Rotation="0" xLocation="448" yLocation="2368"/><Entity Name="block_g" Rotation="0" xLocation="512" yLocation="2240"/><Entity Name="block_g" Rotation="0" xLocation="512" yLocation="2304"/><Entity Name="block_g" Rotation="0" xLocation="512" yLocation="2368"/><Entity Name="block_g" Rotation="0" xLocation="576" yLocation="2240"/><Entity Name="block_g" Rotation="0" xLocation="576" yLocation="2176"/><Entity Name="block_g" Rotation="0" xLocation="576" yLocation="2304"/><Entity Name="block_g" Rotation="0" xLocation="576" yLocation="2368"/><Entity Name="block_g" Rotation="0" xLocation="640" yLocation="2240"/><Entity Name="block_g" Rotation="0" xLocation="640" yLocation="2176"/><Entity Name="block_g" Rotation="0" xLocation="640" yLocation="2304"/><Entity Name="block_g" Rotation="0" xLocation="640" yLocation="2368"/><Entity Name="block_g" Rotation="0" xLocation="704" yLocation="2176"/><Entity Name="block_g" Rotation="0" xLocation="704" yLocation="2112"/><Entity Name="block_g" Rotation="0" xLocation="704" yLocation="2240"/><Entity Name="block_g" Rotation="0" xLocation="704" yLocation="2304"/><Entity Name="block_g" Rotation="0" xLocation="704" yLocation="2368"/><Entity Name="block_g" Rotation="0" xLocation="768" yLocation="2112"/><Entity Name="block_g" Rotation="0" xLocation="768" yLocation="2176"/><Entity Name="block_g" Rotation="0" xLocation="768" yLocation="2240"/><Entity Name="block_g" Rotation="0" xLocation="768" yLocation="2304"/><Entity Name="block_g" Rotation="0" xLocation="768" yLocation="2368"/><Entity Name="block_g" Rotation="0" xLocation="832" yLocation="2304"/><Entity Name="block_g" Rotation="0" xLocation="896" yLocation="2304"/><Entity Name="block_g" Rotation="0" xLocation="960" yLocation="2304"/><Entity Name="block_g" Rotation="0" xLocation="1024" yLocation="2304"/><Entity Name="block_g" Rotation="0" xLocation="1024" yLocation="2368"/><Entity Name="block_g" Rotation="0" xLocation="960" yLocation="2368"/><Entity Name="block_g" Rotation="0" xLocation="896" yLocation="2368"/><Entity Name="block_g" Rotation="0" xLocation="832" yLocation="2368"/><Entity Name="block_g" Rotation="0" xLocation="1088" yLocation="2304"/><Entity Name="block_g" Rotation="0" xLocation="1088" yLocation="2368"/><Entity Name="block_g" Rotation="0" xLocation="1152" yLocation="2304"/><Entity Name="block_g" Rotation="0" xLocation="1152" yLocation="2368"/><Entity Name="block_b" Rotation="0" xLocation="832" yLocation="2112"/><Entity Name="block_b" Rotation="0" xLocation="896" yLocation="2112"/><Entity Name="block_b" Rotation="0" xLocation="960" yLocation="2112"/><Entity Name="block_b" Rotation="0" xLocation="1024" yLocation="2112"/><Entity Name="block_b" Rotation="0" xLocation="1024" yLocation="2048"/><Entity Name="block_b" Rotation="0" xLocation="1024" yLocation="1984"/><Entity Name="block_b" Rotation="0" xLocation="1024" yLocation="1920"/><Entity Name="block_b" Rotation="0" xLocation="1024" yLocation="1856"/><Entity Name="block_g" Rotation="0" xLocation="1216" yLocation="2240"/><Entity Name="block_g" Rotation="0" xLocation="1216" yLocation="2304"/><Entity Name="block_g" Rotation="0" xLocation="1216" yLocation="2368"/><Entity Name="block_g" Rotation="0" xLocation="1280" yLocation="2304"/><Entity Name="block_g" Rotation="0" xLocation="1280" yLocation="2368"/><Entity Name="block_g" Rotation="0" xLocation="1344" yLocation="2240"/><Entity Name="block_g" Rotation="0" xLocation="1344" yLocation="2304"/><Entity Name="block_g" Rotation="0" xLocation="1344" yLocation="2368"/><Entity Name="block_g" Rotation="0" xLocation="1280" yLocation="2240"/><Entity Name="block_g" Rotation="0" xLocation="1344" yLocation="2176"/><Entity Name="block_g" Rotation="0" xLocation="1408" yLocation="2176"/><Entity Name="block_g" Rotation="0" xLocation="1408" yLocation="2240"/><Entity Name="block_g" Rotation="0" xLocation="1408" yLocation="2304"/><Entity Name="block_g" Rotation="0" xLocation="1408" yLocation="2368"/><Entity Name="block_g" Rotation="0" xLocation="1472" yLocation="2176"/><Entity Name="block_g" Rotation="0" xLocation="1536" yLocation="2176"/><Entity Name="block_g" Rotation="0" xLocation="1472" yLocation="2240"/><Entity Name="block_g" Rotation="0" xLocation="1472" yLocation="2304"/><Entity Name="block_g" Rotation="0" xLocation="1472" yLocation="2368"/><Entity Name="block_g" Rotation="0" xLocation="1536" yLocation="2240"/><Entity Name="block_g" Rotation="0" xLocation="1536" yLocation="2304"/><Entity Name="block_g" Rotation="0" xLocation="1536" yLocation="2368"/><Entity Name="block_g" Rotation="0" xLocation="1600" yLocation="2176"/><Entity Name="block_g" Rotation="0" xLocation="1600" yLocation="2240"/><Entity Name="block_g" Rotation="0" xLocation="1600" yLocation="2304"/><Entity Name="block_g" Rotation="0" xLocation="1664" yLocation="2304"/><Entity Name="block_g" Rotation="0" xLocation="1664" yLocation="2240"/><Entity Name="block_g" Rotation="0" xLocation="1664" yLocation="2176"/><Entity Name="block_g" Rotation="0" xLocation="1600" yLocation="2368"/><Entity Name="block_g" Rotation="0" xLocation="1664" yLocation="2368"/><Entity Name="block_g" Rotation="0" xLocation="1728" yLocation="2176"/><Entity Name="block_g" Rotation="0" xLocation="1728" yLocation="2240"/><Entity Name="block_g" Rotation="0" xLocation="1728" yLocation="2304"/><Entity Name="block_g" Rotation="0" xLocation="1792" yLocation="2304"/><Entity Name="block_g" Rotation="0" xLocation="1792" yLocation="2240"/><Entity Name="block_g" Rotation="0" xLocation="1792" yLocation="2176"/><Entity Name="block_g" Rotation="0" xLocation="1792" yLocation="2112"/><Entity Name="block_g" Rotation="0" xLocation="1792" yLocation="2048"/><Entity Name="block_g" Rotation="0" xLocation="1792" yLocation="1984"/><Entity Name="block_g" Rotation="0" xLocation="1792" yLocation="1920"/><Entity Name="block_g" Rotation="0" xLocation="1792" yLocation="1856"/><Entity Name="block_g" Rotation="0" xLocation="1792" yLocation="1792"/><Entity Name="block_g" Rotation="0" xLocation="1856" yLocation="1856"/><Entity Name="block_g" Rotation="0" xLocation="1856" yLocation="1920"/><Entity Name="block_g" Rotation="0" xLocation="1856" yLocation="2048"/><Entity Name="block_g" Rotation="0" xLocation="1856" yLocation="2112"/><Entity Name="block_g" Rotation="0" xLocation="1856" yLocation="2176"/><Entity Name="block_g" Rotation="0" xLocation="1856" yLocation="2240"/><Entity Name="block_g" Rotation="0" xLocation="1856" yLocation="2304"/><Entity Name="block_g" Rotation="0" xLocation="1728" yLocation="2368"/><Entity Name="block_g" Rotation="0" xLocation="1792" yLocation="2368"/><Entity Name="block_g" Rotation="0" xLocation="1856" yLocation="2368"/><Entity Name="block_g" Rotation="0" xLocation="1920" yLocation="2304"/><Entity Name="block_g" Rotation="0" xLocation="1920" yLocation="2368"/><Entity Name="block_g" Rotation="0" xLocation="1920" yLocation="2240"/><Entity Name="block_g" Rotation="0" xLocation="1984" yLocation="2304"/><Entity Name="block_g" Rotation="0" xLocation="1984" yLocation="2368"/><Entity Name="block_g" Rotation="0" xLocation="1984" yLocation="2240"/><Entity Name="block_g" Rotation="0" xLocation="2048" yLocation="2240"/><Entity Name="block_g" Rotation="0" xLocation="2048" yLocation="2304"/><Entity Name="block_g" Rotation="0" xLocation="2048" yLocation="2368"/><Entity Name="block_g" Rotation="0" xLocation="2112" yLocation="2240"/><Entity Name="block_g" Rotation="0" xLocation="2112" yLocation="2304"/><Entity Name="block_g" Rotation="0" xLocation="2112" yLocation="2368"/><Entity Name="block_g" Rotation="0" xLocation="2176" yLocation="2240"/><Entity Name="block_g" Rotation="0" xLocation="2176" yLocation="2304"/><Entity Name="block_g" Rotation="0" xLocation="2176" yLocation="2368"/><Entity Name="block_g" Rotation="0" xLocation="2240" yLocation="2240"/><Entity Name="block_g" Rotation="0" xLocation="2240" yLocation="2304"/><Entity Name="block_g" Rotation="0" xLocation="2304" yLocation="2240"/><Entity Name="block_g" Rotation="0" xLocation="2304" yLocation="2176"/><Entity Name="block_g" Rotation="0" xLocation="2304" yLocation="2304"/><Entity Name="block_g" Rotation="0" xLocation="2304" yLocation="2368"/><Entity Name="block_g" Rotation="0" xLocation="2368" yLocation="2240"/><Entity Name="block_g" Rotation="0" xLocation="2368" yLocation="2176"/><Entity Name="block_g" Rotation="0" xLocation="2368" yLocation="2304"/><Entity Name="block_g" Rotation="0" xLocation="2240" yLocation="2368"/><Entity Name="block_g" Rotation="0" xLocation="2368" yLocation="2368"/><Entity Name="block_g" Rotation="0" xLocation="2304" yLocation="2112"/><Entity Name="block_g" Rotation="0" xLocation="2304" yLocation="2048"/><Entity Name="block_g" Rotation="0" xLocation="2304" yLocation="1984"/><Entity Name="block_g" Rotation="0" xLocation="2304" yLocation="1920"/><Entity Name="block_g" Rotation="0" xLocation="2304" yLocation="1856"/><Entity Name="block_g" Rotation="0" xLocation="2368" yLocation="1792"/><Entity Name="block_g" Rotation="0" xLocation="2304" yLocation="1792"/><Entity Name="block_g" Rotation="0" xLocation="2368" yLocation="1984"/><Entity Name="block_g" Rotation="0" xLocation="2368" yLocation="2112"/><Entity Name="block_g" Rotation="0" xLocation="2368" yLocation="2048"/><Entity Name="block_g" Rotation="0" xLocation="2368" yLocation="1920"/><Entity Name="block_g" Rotation="0" xLocation="2368" yLocation="1856"/><Entity Name="block_g" Rotation="0" xLocation="1856" yLocation="1984"/><Entity Name="block_g" Rotation="0" xLocation="2240" yLocation="2048"/><Entity Name="block_g" Rotation="0" xLocation="2240" yLocation="2112"/><Entity Name="block_g" Rotation="0" xLocation="2240" yLocation="2176"/><Entity Name="block_g" Rotation="0" xLocation="2240" yLocation="1984"/><Entity Name="block_g" Rotation="0" xLocation="1920" yLocation="2176"/><Entity Name="block_g" Rotation="0" xLocation="2112" yLocation="2176"/><Entity Name="block_g" Rotation="0" xLocation="2176" yLocation="2176"/><Entity Name="block_g" Rotation="0" xLocation="2048" yLocation="2176"/><Entity Name="block_g" Rotation="0" xLocation="1984" yLocation="2176"/><Entity Name="block_w" Rotation="0" xLocation="1984" yLocation="1792"/><Entity Name="block_w" Rotation="0" xLocation="2048" yLocation="1792"/><Entity Name="block_w" Rotation="0" xLocation="2112" yLocation="1792"/><Entity Name="block_w" Rotation="0" xLocation="1920" yLocation="1792"/><Entity Name="block_g" Rotation="0" xLocation="1856" yLocation="1792"/><Entity Name="block_b" Rotation="0" xLocation="1664" yLocation="2112"/><Entity Name="block_b" Rotation="0" xLocation="1728" yLocation="2112"/><Entity Name="block_b" Rotation="0" xLocation="1408" yLocation="1920"/><Entity Name="block_b" Rotation="0" xLocation="1472" yLocation="1920"/><Entity Name="block_b" Rotation="0" xLocation="1344" yLocation="1920"/><Entity Name="block_w" Rotation="0" xLocation="1600" yLocation="1792"/><Entity Name="block_w" Rotation="0" xLocation="1664" yLocation="1792"/><Entity Name="block_w" Rotation="0" xLocation="1728" yLocation="1792"/><Entity Name="block_w" Rotation="0" xLocation="1472" yLocation="1984"/><Entity Name="block_w" Rotation="0" xLocation="1536" yLocation="1984"/><Entity Name="block_w" Rotation="0" xLocation="1600" yLocation="1984"/><Entity Name="block_g" Rotation="0" xLocation="2368" yLocation="1664"/><Entity Name="block_g" Rotation="0" xLocation="2368" yLocation="1728"/><Entity Name="block_g" Rotation="0" xLocation="2368" yLocation="1600"/><Entity Name="block_g" Rotation="0" xLocation="2368" yLocation="1536"/><Entity Name="block_g" Rotation="0" xLocation="2368" yLocation="1472"/><Entity Name="block_g" Rotation="0" xLocation="2368" yLocation="1408"/><Entity Name="block_g" Rotation="0" xLocation="2368" yLocation="1344"/><Entity Name="block_g" Rotation="0" xLocation="2176" yLocation="1792"/><Entity Name="block_g" Rotation="0" xLocation="2240" yLocation="1792"/><Entity Name="block_g" Rotation="0" xLocation="2240" yLocation="1856"/><Entity Name="block_g" Rotation="0" xLocation="2176" yLocation="1856"/><Entity Name="block_g" Rotation="0" xLocation="2176" yLocation="1920"/><Entity Name="block_g" Rotation="0" xLocation="2176" yLocation="1984"/><Entity Name="block_g" Rotation="0" xLocation="2176" yLocation="2048"/><Entity Name="block_g" Rotation="0" xLocation="2176" yLocation="2112"/><Entity Name="block_g" Rotation="0" xLocation="2240" yLocation="1920"/><Entity Name="block_w" Rotation="0" xLocation="2176" yLocation="1728"/><Entity Name="block_w" Rotation="0" xLocation="2240" yLocation="1728"/><Entity Name="block_w" Rotation="0" xLocation="2304" yLocation="1728"/><Entity Name="block_b" Rotation="0" xLocation="2240" yLocation="1536"/><Entity Name="block_b" Rotation="0" xLocation="2176" yLocation="1536"/><Entity Name="block_b" Rotation="0" xLocation="2112" yLocation="1536"/><Entity Name="block_w" Rotation="0" xLocation="2112" yLocation="1472"/><Entity Name="block_w" Rotation="0" xLocation="2176" yLocation="1472"/><Entity Name="block_w" Rotation="0" xLocation="2240" yLocation="1472"/><Entity Name="block_g" Rotation="0" xLocation="2368" yLocation="1216"/><Entity Name="block_g" Rotation="0" xLocation="2368" yLocation="1280"/><Entity Name="block_g" Rotation="0" xLocation="2368" yLocation="1152"/><Entity Name="block_g" Rotation="0" xLocation="2368" yLocation="1088"/><Entity Name="block_g" Rotation="0" xLocation="2368" yLocation="1024"/><Entity Name="block_g" Rotation="0" xLocation="2240" yLocation="1344"/><Entity Name="block_g" Rotation="0" xLocation="2304" yLocation="1344"/><Entity Name="block_b" Rotation="0" xLocation="2240" yLocation="1216"/><Entity Name="block_b" Rotation="0" xLocation="2176" yLocation="1216"/><Entity Name="block_g" Rotation="0" xLocation="2112" yLocation="1152"/><Entity Name="block_g" Rotation="0" xLocation="1984" yLocation="1152"/><Entity Name="block_g" Rotation="0" xLocation="2048" yLocation="1152"/><Entity Name="block_g" Rotation="0" xLocation="1920" yLocation="1152"/><Entity Name="block_g" Rotation="0" xLocation="1920" yLocation="1088"/><Entity Name="block_g" Rotation="0" xLocation="1856" yLocation="1088"/><Entity Name="block_g" Rotation="0" xLocation="1856" yLocation="1152"/><Entity Name="block_g" Rotation="0" xLocation="1792" yLocation="1088"/><Entity Name="block_g" Rotation="0" xLocation="1728" yLocation="1088"/><Entity Name="block_g" Rotation="0" xLocation="1792" yLocation="1152"/><Entity Name="block_g" Rotation="0" xLocation="1728" yLocation="1152"/><Entity Name="block_g" Rotation="0" xLocation="1728" yLocation="1024"/><Entity Name="block_g" Rotation="0" xLocation="1792" yLocation="1024"/><Entity Name="block_g" Rotation="0" xLocation="1600" yLocation="960"/><Entity Name="block_g" Rotation="0" xLocation="1664" yLocation="960"/><Entity Name="block_g" Rotation="0" xLocation="1600" yLocation="1024"/><Entity Name="block_g" Rotation="0" xLocation="1600" yLocation="1088"/><Entity Name="block_g" Rotation="0" xLocation="1664" yLocation="1088"/><Entity Name="block_g" Rotation="0" xLocation="1600" yLocation="1152"/><Entity Name="block_g" Rotation="0" xLocation="1664" yLocation="1152"/><Entity Name="block_g" Rotation="0" xLocation="1664" yLocation="1024"/><Entity Name="block_b" Rotation="0" xLocation="1024" yLocation="1600"/><Entity Name="block_b" Rotation="0" xLocation="1024" yLocation="1536"/><Entity Name="block_b" Rotation="0" xLocation="1024" yLocation="1408"/><Entity Name="block_b" Rotation="0" xLocation="1024" yLocation="1472"/><Entity Name="block_b" Rotation="0" xLocation="1024" yLocation="1344"/><Entity Name="block_b" Rotation="0" xLocation="1024" yLocation="1280"/><Entity Name="block_g" Rotation="0" xLocation="1024" yLocation="1216"/><Entity Name="block_b" Rotation="0" xLocation="1472" yLocation="896"/><Entity Name="block_b" Rotation="0" xLocation="1536" yLocation="896"/><Entity Name="block_b" Rotation="0" xLocation="1408" yLocation="896"/><Entity Name="block_b" Rotation="0" xLocation="1216" yLocation="896"/><Entity Name="block_b" Rotation="0" xLocation="1152" yLocation="896"/><Entity Name="block_b" Rotation="0" xLocation="1088" yLocation="896"/><Entity Name="block_b" Rotation="0" xLocation="1024" yLocation="896"/><Entity Name="block_g" Rotation="0" xLocation="1088" yLocation="1216"/><Entity Name="block_g" Rotation="0" xLocation="1152" yLocation="1216"/><Entity Name="block_g" Rotation="0" xLocation="1280" yLocation="1216"/><Entity Name="block_g" Rotation="0" xLocation="1216" yLocation="1216"/><Entity Name="block_g" Rotation="0" xLocation="1408" yLocation="1216"/><Entity Name="block_g" Rotation="0" xLocation="1472" yLocation="1216"/><Entity Name="block_g" Rotation="0" xLocation="1536" yLocation="1216"/><Entity Name="block_g" Rotation="0" xLocation="1344" yLocation="1216"/><Entity Name="block_g" Rotation="0" xLocation="1600" yLocation="1216"/><Entity Name="block_g" Rotation="0" xLocation="1664" yLocation="1216"/><Entity Name="block_g" Rotation="0" xLocation="1728" yLocation="1216"/><Entity Name="block_g" Rotation="0" xLocation="1792" yLocation="1216"/><Entity Name="block_g" Rotation="0" xLocation="1856" yLocation="1216"/><Entity Name="block_g" Rotation="0" xLocation="1920" yLocation="1216"/><Entity Name="block_g" Rotation="0" xLocation="1984" yLocation="1216"/><Entity Name="block_g" Rotation="0" xLocation="2048" yLocation="1216"/><Entity Name="block_g" Rotation="0" xLocation="2112" yLocation="1216"/><Entity Name="block_g" Rotation="0" xLocation="1024" yLocation="1088"/><Entity Name="block_g" Rotation="0" xLocation="1024" yLocation="1024"/><Entity Name="block_g" Rotation="0" xLocation="1024" yLocation="960"/><Entity Name="block_g" Rotation="0" xLocation="1024" yLocation="1152"/><Entity Name="block_g" Rotation="0" xLocation="1088" yLocation="1152"/><Entity Name="block_g" Rotation="0" xLocation="1088" yLocation="1088"/><Entity Name="block_g" Rotation="0" xLocation="1088" yLocation="1024"/><Entity Name="block_g" Rotation="0" xLocation="1088" yLocation="960"/><Entity Name="block_g" Rotation="0" xLocation="1344" yLocation="1152"/><Entity Name="block_g" Rotation="0" xLocation="1344" yLocation="1088"/><Entity Name="block_g" Rotation="0" xLocation="1344" yLocation="1024"/><Entity Name="block_g" Rotation="0" xLocation="1344" yLocation="960"/><Entity Name="block_g" Rotation="0" xLocation="1344" yLocation="896"/><Entity Name="block_b" Rotation="0" xLocation="1280" yLocation="896"/><Entity Name="block_w" Rotation="0" xLocation="704" yLocation="896"/><Entity Name="block_w" Rotation="0" xLocation="768" yLocation="896"/><Entity Name="block_w" Rotation="0" xLocation="640" yLocation="896"/><Entity Name="block_w" Rotation="0" xLocation="768" yLocation="640"/><Entity Name="block_w" Rotation="0" xLocation="704" yLocation="640"/><Entity Name="block_b" Rotation="0" xLocation="512" yLocation="768"/><Entity Name="block_b" Rotation="0" xLocation="448" yLocation="768"/><Entity Name="block_w" Rotation="0" xLocation="640" yLocation="640"/><Entity Name="block_b" Rotation="0" xLocation="384" yLocation="768"/><Entity Name="block_b" Rotation="0" xLocation="832" yLocation="576"/><Entity Name="block_b" Rotation="0" xLocation="832" yLocation="576"/><Entity Name="block_b" Rotation="0" xLocation="896" yLocation="576"/><Entity Name="block_b" Rotation="0" xLocation="960" yLocation="576"/><Entity Name="block_g" Rotation="0" xLocation="1024" yLocation="576"/><Entity Name="block_g" Rotation="0" xLocation="1088" yLocation="576"/><Entity Name="block_g" Rotation="0" xLocation="1152" yLocation="576"/><Entity Name="block_g" Rotation="0" xLocation="1216" yLocation="576"/><Entity Name="block_g" Rotation="0" xLocation="1024" yLocation="256"/><Entity Name="block_g" Rotation="0" xLocation="1024" yLocation="320"/><Entity Name="block_g" Rotation="0" xLocation="1088" yLocation="320"/><Entity Name="block_g" Rotation="0" xLocation="1152" yLocation="320"/><Entity Name="block_g" Rotation="0" xLocation="1152" yLocation="256"/><Entity Name="block_g" Rotation="0" xLocation="1088" yLocation="256"/><Entity Name="block_g" Rotation="0" xLocation="1088" yLocation="192"/><Entity Name="block_g" Rotation="0" xLocation="1088" yLocation="128"/><Entity Name="block_g" Rotation="0" xLocation="1088" yLocation="64"/><Entity Name="block_g" Rotation="0" xLocation="1152" yLocation="128"/><Entity Name="block_g" Rotation="0" xLocation="1152" yLocation="192"/><Entity Name="block_g" Rotation="0" xLocation="1024" yLocation="192"/><Entity Name="block_g" Rotation="0" xLocation="960" yLocation="192"/><Entity Name="block_g" Rotation="0" xLocation="896" yLocation="192"/><Entity Name="block_g" Rotation="0" xLocation="832" yLocation="192"/><Entity Name="block_g" Rotation="0" xLocation="960" yLocation="256"/><Entity Name="block_g" Rotation="0" xLocation="896" yLocation="320"/><Entity Name="block_g" Rotation="0" xLocation="896" yLocation="256"/><Entity Name="block_g" Rotation="0" xLocation="960" yLocation="320"/><Entity Name="block_g" Rotation="0" xLocation="768" yLocation="192"/><Entity Name="block_g" Rotation="0" xLocation="704" yLocation="192"/><Entity Name="block_g" Rotation="0" xLocation="640" yLocation="192"/><Entity Name="block_g" Rotation="0" xLocation="512" yLocation="192"/><Entity Name="block_g" Rotation="0" xLocation="448" yLocation="192"/><Entity Name="block_g" Rotation="0" xLocation="384" yLocation="192"/><Entity Name="block_g" Rotation="0" xLocation="448" yLocation="256"/><Entity Name="block_g" Rotation="0" xLocation="576" yLocation="256"/><Entity Name="block_g" Rotation="0" xLocation="704" yLocation="256"/><Entity Name="block_g" Rotation="0" xLocation="640" yLocation="256"/><Entity Name="block_g" Rotation="0" xLocation="768" yLocation="256"/><Entity Name="block_g" Rotation="0" xLocation="832" yLocation="256"/><Entity Name="block_g" Rotation="0" xLocation="576" yLocation="192"/><Entity Name="block_g" Rotation="0" xLocation="512" yLocation="256"/><Entity Name="block_g" Rotation="0" xLocation="384" yLocation="256"/><Entity Name="block_g" Rotation="0" xLocation="384" yLocation="320"/><Entity Name="block_g" Rotation="0" xLocation="448" yLocation="320"/><Entity Name="block_g" Rotation="0" xLocation="512" yLocation="320"/><Entity Name="block_g" Rotation="0" xLocation="576" yLocation="320"/><Entity Name="block_g" Rotation="0" xLocation="640" yLocation="320"/><Entity Name="block_g" Rotation="0" xLocation="704" yLocation="320"/><Entity Name="block_g" Rotation="0" xLocation="768" yLocation="320"/><Entity Name="block_g" Rotation="0" xLocation="832" yLocation="320"/><Entity Name="block_g" Rotation="0" xLocation="320" yLocation="256"/><Entity Name="block_g" Rotation="0" xLocation="256" yLocation="256"/><Entity Name="block_g" Rotation="0" xLocation="256" yLocation="192"/><Entity Name="block_g" Rotation="0" xLocation="256" yLocation="320"/><Entity Name="block_g" Rotation="0" xLocation="256" yLocation="384"/><Entity Name="block_g" Rotation="0" xLocation="256" yLocation="448"/><Entity Name="block_g" Rotation="0" xLocation="256" yLocation="512"/><Entity Name="block_g" Rotation="0" xLocation="256" yLocation="576"/><Entity Name="block_g" Rotation="0" xLocation="256" yLocation="640"/><Entity Name="block_g" Rotation="0" xLocation="256" yLocation="704"/><Entity Name="block_g" Rotation="0" xLocation="256" yLocation="768"/><Entity Name="block_g" Rotation="0" xLocation="320" yLocation="768"/><Entity Name="block_g" Rotation="0" xLocation="320" yLocation="704"/><Entity Name="block_g" Rotation="0" xLocation="320" yLocation="576"/><Entity Name="block_g" Rotation="0" xLocation="320" yLocation="640"/><Entity Name="block_g" Rotation="0" xLocation="320" yLocation="512"/><Entity Name="block_g" Rotation="0" xLocation="320" yLocation="448"/><Entity Name="block_g" Rotation="0" xLocation="320" yLocation="384"/><Entity Name="block_g" Rotation="0" xLocation="320" yLocation="320"/><Entity Name="block_g" Rotation="0" xLocation="320" yLocation="192"/><Entity Name="block_g" Rotation="0" xLocation="320" yLocation="832"/><Entity Name="block_g" Rotation="0" xLocation="256" yLocation="832"/><Entity Name="block_g" Rotation="0" xLocation="320" yLocation="896"/><Entity Name="block_g" Rotation="0" xLocation="320" yLocation="960"/><Entity Name="block_g" Rotation="0" xLocation="256" yLocation="960"/><Entity Name="block_g" Rotation="0" xLocation="256" yLocation="1024"/><Entity Name="block_g" Rotation="0" xLocation="256" yLocation="1088"/><Entity Name="block_g" Rotation="0" xLocation="320" yLocation="1088"/><Entity Name="block_g" Rotation="0" xLocation="320" yLocation="1024"/><Entity Name="block_g" Rotation="0" xLocation="256" yLocation="896"/><Entity Name="block_g" Rotation="0" xLocation="320" yLocation="1152"/><Entity Name="block_g" Rotation="0" xLocation="256" yLocation="1152"/><Entity Name="block_g" Rotation="0" xLocation="320" yLocation="1216"/><Entity Name="block_g" Rotation="0" xLocation="320" yLocation="1280"/><Entity Name="block_g" Rotation="0" xLocation="320" yLocation="1344"/><Entity Name="block_g" Rotation="0" xLocation="320" yLocation="1408"/><Entity Name="block_g" Rotation="0" xLocation="320" yLocation="1472"/><Entity Name="block_g" Rotation="0" xLocation="320" yLocation="1536"/><Entity Name="block_g" Rotation="0" xLocation="320" yLocation="1600"/><Entity Name="block_g" Rotation="0" xLocation="320" yLocation="1664"/><Entity Name="block_g" Rotation="0" xLocation="320" yLocation="1728"/><Entity Name="block_g" Rotation="0" xLocation="320" yLocation="1792"/><Entity Name="block_g" Rotation="0" xLocation="320" yLocation="1856"/><Entity Name="block_g" Rotation="0" xLocation="320" yLocation="1920"/><Entity Name="block_g" Rotation="0" xLocation="256" yLocation="1920"/><Entity Name="block_g" Rotation="0" xLocation="192" yLocation="1920"/><Entity Name="block_g" Rotation="0" xLocation="0" yLocation="2240"/><Entity Name="block_g" Rotation="0" xLocation="0" yLocation="2176"/><Entity Name="block_g" Rotation="0" xLocation="0" yLocation="2112"/><Entity Name="block_g" Rotation="0" xLocation="0" yLocation="2048"/><Entity Name="block_g" Rotation="0" xLocation="0" yLocation="1984"/><Entity Name="block_g" Rotation="0" xLocation="0" yLocation="1920"/><Entity Name="block_g" Rotation="0" xLocation="0" yLocation="1856"/><Entity Name="block_g" Rotation="0" xLocation="64" yLocation="1856"/><Entity Name="block_g" Rotation="0" xLocation="128" yLocation="1856"/><Entity Name="block_g" Rotation="0" xLocation="128" yLocation="1920"/><Entity Name="block_g" Rotation="0" xLocation="64" yLocation="1920"/><Entity Name="block_g" Rotation="0" xLocation="0" yLocation="1792"/><Entity Name="block_g" Rotation="0" xLocation="64" yLocation="1728"/><Entity Name="block_g" Rotation="0" xLocation="64" yLocation="1792"/><Entity Name="block_g" Rotation="0" xLocation="128" yLocation="1792"/><Entity Name="block_g" Rotation="0" xLocation="192" yLocation="1792"/><Entity Name="block_g" Rotation="0" xLocation="256" yLocation="1792"/><Entity Name="block_g" Rotation="0" xLocation="256" yLocation="1856"/><Entity Name="block_g" Rotation="0" xLocation="192" yLocation="1856"/><Entity Name="block_g" Rotation="0" xLocation="256" yLocation="1728"/><Entity Name="block_g" Rotation="0" xLocation="256" yLocation="1664"/><Entity Name="block_g" Rotation="0" xLocation="256" yLocation="1600"/><Entity Name="block_g" Rotation="0" xLocation="256" yLocation="1536"/><Entity Name="block_g" Rotation="0" xLocation="256" yLocation="1472"/><Entity Name="block_g" Rotation="0" xLocation="256" yLocation="1408"/><Entity Name="block_g" Rotation="0" xLocation="256" yLocation="1344"/><Entity Name="block_g" Rotation="0" xLocation="256" yLocation="1280"/><Entity Name="block_g" Rotation="0" xLocation="192" yLocation="1280"/><Entity Name="block_g" Rotation="0" xLocation="192" yLocation="1344"/><Entity Name="block_g" Rotation="0" xLocation="192" yLocation="1408"/><Entity Name="block_g" Rotation="0" xLocation="192" yLocation="1472"/><Entity Name="block_g" Rotation="0" xLocation="192" yLocation="1536"/><Entity Name="block_g" Rotation="0" xLocation="192" yLocation="1600"/><Entity Name="block_g" Rotation="0" xLocation="128" yLocation="1664"/><Entity Name="block_g" Rotation="0" xLocation="192" yLocation="1728"/><Entity Name="block_g" Rotation="0" xLocation="192" yLocation="1664"/><Entity Name="block_g" Rotation="0" xLocation="128" yLocation="1728"/><Entity Name="block_g" Rotation="0" xLocation="0" yLocation="1664"/><Entity Name="block_g" Rotation="0" xLocation="0" yLocation="1728"/><Entity Name="block_g" Rotation="0" xLocation="64" yLocation="1664"/><Entity Name="block_g" Rotation="0" xLocation="64" yLocation="1600"/><Entity Name="block_g" Rotation="0" xLocation="0" yLocation="1600"/><Entity Name="block_g" Rotation="0" xLocation="128" yLocation="1600"/><Entity Name="block_g" Rotation="0" xLocation="128" yLocation="1536"/><Entity Name="block_g" Rotation="0" xLocation="64" yLocation="1536"/><Entity Name="block_g" Rotation="0" xLocation="0" yLocation="1536"/><Entity Name="block_g" Rotation="0" xLocation="0" yLocation="1472"/><Entity Name="block_g" Rotation="0" xLocation="0" yLocation="1408"/><Entity Name="block_g" Rotation="0" xLocation="64" yLocation="1408"/><Entity Name="block_g" Rotation="0" xLocation="64" yLocation="1472"/><Entity Name="block_g" Rotation="0" xLocation="128" yLocation="1472"/><Entity Name="block_g" Rotation="0" xLocation="128" yLocation="1344"/><Entity Name="block_g" Rotation="0" xLocation="128" yLocation="1408"/><Entity Name="block_g" Rotation="0" xLocation="64" yLocation="1344"/><Entity Name="block_g" Rotation="0" xLocation="64" yLocation="1280"/><Entity Name="block_g" Rotation="0" xLocation="0" yLocation="1280"/><Entity Name="block_g" Rotation="0" xLocation="0" yLocation="1344"/><Entity Name="block_g" Rotation="0" xLocation="128" yLocation="1280"/><Entity Name="block_g" Rotation="0" xLocation="256" yLocation="1216"/><Entity Name="block_g" Rotation="0" xLocation="192" yLocation="1216"/><Entity Name="block_g" Rotation="0" xLocation="128" yLocation="1216"/><Entity Name="block_g" Rotation="0" xLocation="64" yLocation="1216"/><Entity Name="block_g" Rotation="0" xLocation="0" yLocation="1216"/><Entity Name="block_g" Rotation="0" xLocation="0" yLocation="1088"/><Entity Name="block_g" Rotation="0" xLocation="0" yLocation="1024"/><Entity Name="block_g" Rotation="0" xLocation="0" yLocation="960"/><Entity Name="block_g" Rotation="0" xLocation="0" yLocation="896"/><Entity Name="block_g" Rotation="0" xLocation="64" yLocation="896"/><Entity Name="block_g" Rotation="0" xLocation="128" yLocation="896"/><Entity Name="block_g" Rotation="0" xLocation="192" yLocation="896"/><Entity Name="block_g" Rotation="0" xLocation="192" yLocation="960"/><Entity Name="block_g" Rotation="0" xLocation="192" yLocation="1024"/><Entity Name="block_g" Rotation="0" xLocation="192" yLocation="1088"/><Entity Name="block_g" Rotation="0" xLocation="128" yLocation="1088"/><Entity Name="block_g" Rotation="0" xLocation="64" yLocation="1088"/><Entity Name="block_g" Rotation="0" xLocation="64" yLocation="1024"/><Entity Name="block_g" Rotation="0" xLocation="128" yLocation="960"/><Entity Name="block_g" Rotation="0" xLocation="64" yLocation="960"/><Entity Name="block_g" Rotation="0" xLocation="128" yLocation="1024"/><Entity Name="block_g" Rotation="0" xLocation="192" yLocation="832"/><Entity Name="block_g" Rotation="0" xLocation="192" yLocation="768"/><Entity Name="block_g" Rotation="0" xLocation="192" yLocation="704"/><Entity Name="block_g" Rotation="0" xLocation="192" yLocation="640"/><Entity Name="block_g" Rotation="0" xLocation="192" yLocation="576"/><Entity Name="block_g" Rotation="0" xLocation="192" yLocation="512"/><Entity Name="block_g" Rotation="0" xLocation="192" yLocation="448"/><Entity Name="block_g" Rotation="0" xLocation="128" yLocation="384"/><Entity Name="block_g" Rotation="0" xLocation="128" yLocation="320"/><Entity Name="block_g" Rotation="0" xLocation="192" yLocation="320"/><Entity Name="block_g" Rotation="0" xLocation="192" yLocation="384"/><Entity Name="block_g" Rotation="0" xLocation="64" yLocation="320"/><Entity Name="block_g" Rotation="0" xLocation="0" yLocation="320"/><Entity Name="block_g" Rotation="0" xLocation="64" yLocation="384"/><Entity Name="block_g" Rotation="0" xLocation="0" yLocation="384"/><Entity Name="block_g" Rotation="0" xLocation="0" yLocation="448"/><Entity Name="block_g" Rotation="0" xLocation="0" yLocation="512"/><Entity Name="block_g" Rotation="0" xLocation="0" yLocation="576"/><Entity Name="block_g" Rotation="0" xLocation="0" yLocation="640"/><Entity Name="block_g" Rotation="0" xLocation="0" yLocation="704"/><Entity Name="block_g" Rotation="0" xLocation="0" yLocation="768"/><Entity Name="block_g" Rotation="0" xLocation="0" yLocation="832"/><Entity Name="block_g" Rotation="0" xLocation="64" yLocation="768"/><Entity Name="block_g" Rotation="0" xLocation="128" yLocation="832"/><Entity Name="block_g" Rotation="0" xLocation="64" yLocation="832"/><Entity Name="block_g" Rotation="0" xLocation="128" yLocation="768"/><Entity Name="block_g" Rotation="0" xLocation="128" yLocation="704"/><Entity Name="block_g" Rotation="0" xLocation="128" yLocation="640"/><Entity Name="block_g" Rotation="0" xLocation="128" yLocation="576"/><Entity Name="block_g" Rotation="0" xLocation="128" yLocation="512"/><Entity Name="block_g" Rotation="0" xLocation="128" yLocation="448"/><Entity Name="block_g" Rotation="0" xLocation="64" yLocation="448"/><Entity Name="block_g" Rotation="0" xLocation="64" yLocation="512"/><Entity Name="block_g" Rotation="0" xLocation="64" yLocation="576"/><Entity Name="block_g" Rotation="0" xLocation="64" yLocation="640"/><Entity Name="block_g" Rotation="0" xLocation="64" yLocation="704"/><Entity Name="block_g" Rotation="0" xLocation="0" yLocation="256"/><Entity Name="block_g" Rotation="0" xLocation="0" yLocation="192"/><Entity Name="block_g" Rotation="0" xLocation="0" yLocation="128"/><Entity Name="block_g" Rotation="0" xLocation="0" yLocation="64"/><Entity Name="block_g" Rotation="0" xLocation="0" yLocation="0"/><Entity Name="block_g" Rotation="0" xLocation="64" yLocation="0"/><Entity Name="block_g" Rotation="0" xLocation="128" yLocation="0"/><Entity Name="block_g" Rotation="0" xLocation="192" yLocation="0"/><Entity Name="block_g" Rotation="0" xLocation="192" yLocation="64"/><Entity Name="block_g" Rotation="0" xLocation="192" yLocation="128"/><Entity Name="block_g" Rotation="0" xLocation="192" yLocation="192"/><Entity Name="block_g" Rotation="0" xLocation="192" yLocation="256"/><Entity Name="block_g" Rotation="0" xLocation="64" yLocation="256"/><Entity Name="block_g" Rotation="0" xLocation="64" yLocation="192"/><Entity Name="block_g" Rotation="0" xLocation="128" yLocation="192"/><Entity Name="block_g" Rotation="0" xLocation="128" yLocation="256"/><Entity Name="block_g" Rotation="0" xLocation="128" yLocation="128"/><Entity Name="block_g" Rotation="0" xLocation="128" yLocation="64"/><Entity Name="block_g" Rotation="0" xLocation="64" yLocation="64"/><Entity Name="block_g" Rotation="0" xLocation="64" yLocation="128"/><Entity Name="block_g" Rotation="0" xLocation="256" yLocation="0"/><Entity Name="block_g" Rotation="0" xLocation="256" yLocation="64"/><Entity Name="block_g" Rotation="0" xLocation="256" yLocation="128"/><Entity Name="block_g" Rotation="0" xLocation="320" yLocation="64"/><Entity Name="block_g" Rotation="0" xLocation="320" yLocation="128"/><Entity Name="block_g" Rotation="0" xLocation="320" yLocation="0"/><Entity Name="block_g" Rotation="0" xLocation="384" yLocation="0"/><Entity Name="block_g" Rotation="0" xLocation="448" yLocation="0"/><Entity Name="block_g" Rotation="0" xLocation="512" yLocation="0"/><Entity Name="block_g" Rotation="0" xLocation="576" yLocation="0"/><Entity Name="block_g" Rotation="0" xLocation="640" yLocation="0"/><Entity Name="block_g" Rotation="0" xLocation="704" yLocation="0"/><Entity Name="block_g" Rotation="0" xLocation="768" yLocation="0"/><Entity Name="block_g" Rotation="0" xLocation="768" yLocation="64"/><Entity Name="block_g" Rotation="0" xLocation="768" yLocation="128"/><Entity Name="block_g" Rotation="0" xLocation="704" yLocation="64"/><Entity Name="block_g" Rotation="0" xLocation="704" yLocation="128"/><Entity Name="block_g" Rotation="0" xLocation="640" yLocation="128"/><Entity Name="block_g" Rotation="0" xLocation="576" yLocation="128"/><Entity Name="block_g" Rotation="0" xLocation="512" yLocation="128"/><Entity Name="block_g" Rotation="0" xLocation="512" yLocation="64"/><Entity Name="block_g" Rotation="0" xLocation="448" yLocation="128"/><Entity Name="block_g" Rotation="0" xLocation="384" yLocation="128"/><Entity Name="block_g" Rotation="0" xLocation="384" yLocation="64"/><Entity Name="block_g" Rotation="0" xLocation="448" yLocation="64"/><Entity Name="block_g" Rotation="0" xLocation="576" yLocation="64"/><Entity Name="block_g" Rotation="0" xLocation="640" yLocation="64"/><Entity Name="block_g" Rotation="0" xLocation="832" yLocation="0"/><Entity Name="block_g" Rotation="0" xLocation="896" yLocation="0"/><Entity Name="block_g" Rotation="0" xLocation="960" yLocation="64"/><Entity Name="block_g" Rotation="0" xLocation="1024" yLocation="128"/><Entity Name="block_g" Rotation="0" xLocation="1024" yLocation="64"/><Entity Name="block_g" Rotation="0" xLocation="1152" yLocation="64"/><Entity Name="block_g" Rotation="0" xLocation="1152" yLocation="0"/><Entity Name="block_g" Rotation="0" xLocation="1088" yLocation="0"/><Entity Name="block_g" Rotation="0" xLocation="1024" yLocation="0"/><Entity Name="block_g" Rotation="0" xLocation="960" yLocation="0"/><Entity Name="block_g" Rotation="0" xLocation="832" yLocation="64"/><Entity Name="block_g" Rotation="0" xLocation="896" yLocation="64"/><Entity Name="block_g" Rotation="0" xLocation="832" yLocation="128"/><Entity Name="block_g" Rotation="0" xLocation="896" yLocation="128"/><Entity Name="block_g" Rotation="0" xLocation="960" yLocation="128"/><Entity Name="block_g" Rotation="0" xLocation="1216" yLocation="0"/><Entity Name="block_g" Rotation="0" xLocation="1280" yLocation="0"/><Entity Name="block_g" Rotation="0" xLocation="1344" yLocation="0"/><Entity Name="block_g" Rotation="0" xLocation="1408" yLocation="0"/><Entity Name="block_g" Rotation="0" xLocation="1472" yLocation="0"/><Entity Name="block_g" Rotation="0" xLocation="1280" yLocation="576"/><Entity Name="block_g" Rotation="0" xLocation="1344" yLocation="576"/><Entity Name="block_g" Rotation="0" xLocation="1408" yLocation="576"/><Entity Name="block_g" Rotation="0" xLocation="1472" yLocation="576"/><Entity Name="block_g" Rotation="0" xLocation="1536" yLocation="576"/><Entity Name="block_g" Rotation="0" xLocation="1600" yLocation="576"/><Entity Name="block_g" Rotation="0" xLocation="1664" yLocation="576"/><Entity Name="block_g" Rotation="0" xLocation="1728" yLocation="576"/><Entity Name="block_g" Rotation="0" xLocation="1792" yLocation="576"/><Entity Name="block_g" Rotation="0" xLocation="1856" yLocation="576"/><Entity Name="block_w" Rotation="0" xLocation="1216" yLocation="320"/><Entity Name="block_w" Rotation="0" xLocation="1280" yLocation="320"/><Entity Name="block_w" Rotation="0" xLocation="1344" yLocation="320"/><Entity Name="block_b" Rotation="0" xLocation="1408" yLocation="320"/><Entity Name="block_b" Rotation="0" xLocation="1472" yLocation="320"/><Entity Name="block_b" Rotation="0" xLocation="1536" yLocation="320"/><Entity Name="block_w" Rotation="0" xLocation="1600" yLocation="320"/><Entity Name="block_w" Rotation="0" xLocation="1664" yLocation="320"/><Entity Name="block_w" Rotation="0" xLocation="1728" yLocation="320"/><Entity Name="block_g" Rotation="0" xLocation="1536" yLocation="0"/><Entity Name="block_g" Rotation="0" xLocation="1600" yLocation="0"/><Entity Name="block_g" Rotation="0" xLocation="1664" yLocation="0"/><Entity Name="block_g" Rotation="0" xLocation="1728" yLocation="0"/><Entity Name="block_g" Rotation="0" xLocation="1792" yLocation="0"/><Entity Name="block_g" Rotation="0" xLocation="1792" yLocation="64"/><Entity Name="block_g" Rotation="0" xLocation="1792" yLocation="128"/><Entity Name="block_g" Rotation="0" xLocation="1792" yLocation="192"/><Entity Name="block_g" Rotation="0" xLocation="1792" yLocation="256"/><Entity Name="block_g" Rotation="0" xLocation="1792" yLocation="320"/><Entity Name="block_g" Rotation="0" xLocation="1920" yLocation="576"/><Entity Name="block_g" Rotation="0" xLocation="1984" yLocation="576"/><Entity Name="block_g" Rotation="0" xLocation="2048" yLocation="576"/><Entity Name="block_g" Rotation="0" xLocation="1856" yLocation="256"/><Entity Name="block_g" Rotation="0" xLocation="1920" yLocation="256"/><Entity Name="block_g" Rotation="0" xLocation="1856" yLocation="320"/><Entity Name="block_g" Rotation="0" xLocation="1920" yLocation="320"/><Entity Name="block_g" Rotation="0" xLocation="1984" yLocation="320"/><Entity Name="block_g" Rotation="0" xLocation="2048" yLocation="320"/><Entity Name="block_g" Rotation="0" xLocation="2112" yLocation="320"/><Entity Name="block_g" Rotation="0" xLocation="2176" yLocation="320"/><Entity Name="block_g" Rotation="0" xLocation="2176" yLocation="256"/><Entity Name="block_g" Rotation="0" xLocation="1856" yLocation="0"/><Entity Name="block_g" Rotation="0" xLocation="1920" yLocation="0"/><Entity Name="block_g" Rotation="0" xLocation="1984" yLocation="0"/><Entity Name="block_g" Rotation="0" xLocation="2048" yLocation="0"/><Entity Name="block_g" Rotation="0" xLocation="2112" yLocation="0"/><Entity Name="block_g" Rotation="0" xLocation="2176" yLocation="0"/><Entity Name="block_g" Rotation="0" xLocation="2176" yLocation="64"/><Entity Name="block_g" Rotation="0" xLocation="2176" yLocation="128"/><Entity Name="block_g" Rotation="0" xLocation="2176" yLocation="192"/><Entity Name="block_g" Rotation="0" xLocation="2112" yLocation="192"/><Entity Name="block_g" Rotation="0" xLocation="2048" yLocation="256"/><Entity Name="block_g" Rotation="0" xLocation="1984" yLocation="256"/><Entity Name="block_g" Rotation="0" xLocation="2112" yLocation="256"/><Entity Name="block_g" Rotation="0" xLocation="2112" yLocation="128"/><Entity Name="block_g" Rotation="0" xLocation="2112" yLocation="64"/><Entity Name="block_g" Rotation="0" xLocation="2048" yLocation="64"/><Entity Name="block_g" Rotation="0" xLocation="1984" yLocation="64"/><Entity Name="block_g" Rotation="0" xLocation="1856" yLocation="64"/><Entity Name="block_g" Rotation="0" xLocation="1856" yLocation="128"/><Entity Name="block_g" Rotation="0" xLocation="1856" yLocation="192"/><Entity Name="block_g" Rotation="0" xLocation="1920" yLocation="192"/><Entity Name="block_g" Rotation="0" xLocation="1984" yLocation="192"/><Entity Name="block_g" Rotation="0" xLocation="2048" yLocation="192"/><Entity Name="block_g" Rotation="0" xLocation="2048" yLocation="128"/><Entity Name="block_g" Rotation="0" xLocation="1984" yLocation="128"/><Entity Name="block_g" Rotation="0" xLocation="1920" yLocation="128"/><Entity Name="block_g" Rotation="0" xLocation="1920" yLocation="64"/><Entity Name="block_g" Rotation="0" xLocation="2112" yLocation="576"/><Entity Name="block_g" Rotation="0" xLocation="2176" yLocation="576"/><Entity Name="block_g" Rotation="0" xLocation="2240" yLocation="576"/><Entity Name="block_g" Rotation="0" xLocation="2304" yLocation="576"/><Entity Name="block_g" Rotation="0" xLocation="2368" yLocation="576"/><Entity Name="block_g" Rotation="0" xLocation="2368" yLocation="640"/><Entity Name="block_g" Rotation="0" xLocation="2368" yLocation="704"/><Entity Name="block_g" Rotation="0" xLocation="2368" yLocation="768"/><Entity Name="block_g" Rotation="0" xLocation="2368" yLocation="832"/><Entity Name="block_g" Rotation="0" xLocation="2368" yLocation="896"/><Entity Name="block_g" Rotation="0" xLocation="2368" yLocation="960"/><Entity Name="block_g" Rotation="0" xLocation="2240" yLocation="320"/><Entity Name="block_g" Rotation="0" xLocation="2304" yLocation="320"/><Entity Name="block_g" Rotation="0" xLocation="2368" yLocation="320"/><Entity Name="block_g" Rotation="0" xLocation="2368" yLocation="256"/><Entity Name="block_g" Rotation="0" xLocation="2368" yLocation="192"/><Entity Name="block_g" Rotation="0" xLocation="2368" yLocation="128"/><Entity Name="block_g" Rotation="0" xLocation="2368" yLocation="64"/><Entity Name="block_g" Rotation="0" xLocation="2368" yLocation="0"/><Entity Name="block_g" Rotation="0" xLocation="2304" yLocation="0"/><Entity Name="block_g" Rotation="0" xLocation="2240" yLocation="0"/><Entity Name="block_g" Rotation="0" xLocation="2240" yLocation="64"/><Entity Name="block_g" Rotation="0" xLocation="2304" yLocation="64"/><Entity Name="block_g" Rotation="0" xLocation="2304" yLocation="128"/><Entity Name="block_g" Rotation="0" xLocation="2304" yLocation="192"/><Entity Name="block_g" Rotation="0" xLocation="2304" yLocation="256"/><Entity Name="block_g" Rotation="0" xLocation="2240" yLocation="256"/><Entity Name="block_g" Rotation="0" xLocation="2240" yLocation="192"/><Entity Name="block_g" Rotation="0" xLocation="2240" yLocation="128"/><Entity Name="block_b" Rotation="0" xLocation="1024" yLocation="1792"/><Entity Name="block_b" Rotation="0" xLocation="1024" yLocation="1728"/><Entity Name="block_b" Rotation="0" xLocation="1024" yLocation="1664"/></Level>