<?xml version="1.0" encoding="UTF-8" standalone="no"?><Level speed="3" xSize="1080" ySize="720"><Entity Name="block_g" Rotation="0" xLocation="0" yLocation="672"/><Entity Name="block_g" Rotation="0" xLocation="0" yLocation="656"/><Entity Name="block_g" Rotation="0" xLocation="16" yLocation="656"/><Entity Name="block_g" Rotation="0" xLocation="32" yLocation="656"/><Entity Name="block_g" Rotation="0" xLocation="48" yLocation="656"/><Entity Name="block_g" Rotation="0" xLocation="64" yLocation="656"/><Entity Name="block_g" Rotation="0" xLocation="80" yLocation="656"/><Entity Name="block_g" Rotation="0" xLocation="96" yLocation="656"/><Entity Name="block_g" Rotation="0" xLocation="112" yLocation="640"/><Entity Name="block_g" Rotation="0" xLocation="128" yLocation="640"/><Entity Name="block_g" Rotation="0" xLocation="144" yLocation="640"/><Entity Name="block_g" Rotation="0" xLocation="144" yLocation="624"/><Entity Name="block_g" Rotation="0" xLocation="176" yLocation="608"/><Entity Name="block_g" Rotation="0" xLocation="192" yLocation="608"/><Entity Name="block_g" Rotation="0" xLocation="160" yLocation="624"/><Entity Name="block_g" Rotation="0" xLocation="160" yLocation="640"/><Entity Name="block_g" Rotation="0" xLocation="176" yLocation="640"/><Entity Name="block_g" Rotation="0" xLocation="192" yLocation="624"/><Entity Name="block_g" Rotation="0" xLocation="176" yLocation="624"/><Entity Name="block_g" Rotation="0" xLocation="192" yLocation="640"/><Entity Name="block_g" Rotation="0" xLocation="112" yLocation="656"/><Entity Name="block_g" Rotation="0" xLocation="128" yLocation="656"/><Entity Name="block_g" Rotation="0" xLocation="160" yLocation="656"/><Entity Name="block_g" Rotation="0" xLocation="144" yLocation="656"/><Entity Name="block_g" Rotation="0" xLocation="176" yLocation="656"/><Entity Name="block_g" Rotation="0" xLocation="192" yLocation="656"/><Entity Name="block_g" Rotation="0" xLocation="208" yLocation="656"/><Entity Name="block_g" Rotation="0" xLocation="224" yLocation="656"/><Entity Name="block_g" Rotation="0" xLocation="240" yLocation="656"/><Entity Name="block_g" Rotation="0" xLocation="256" yLocation="656"/><Entity Name="block_g" Rotation="0" xLocation="272" yLocation="656"/><Entity Name="block_g" Rotation="0" xLocation="288" yLocation="656"/><Entity Name="block_g" Rotation="0" xLocation="288" yLocation="640"/><Entity Name="block_g" Rotation="0" xLocation="288" yLocation="624"/><Entity Name="block_g" Rotation="0" xLocation="288" yLocation="608"/><Entity Name="block_g" Rotation="0" xLocation="304" yLocation="608"/><Entity Name="block_g" Rotation="0" xLocation="320" yLocation="608"/><Entity Name="block_g" Rotation="0" xLocation="336" yLocation="608"/><Entity Name="block_g" Rotation="0" xLocation="352" yLocation="608"/><Entity Name="block_g" Rotation="0" xLocation="368" yLocation="608"/><Entity Name="block_g" Rotation="0" xLocation="384" yLocation="608"/><Entity Name="block_g" Rotation="0" xLocation="400" yLocation="608"/><Entity Name="block_g" Rotation="0" xLocation="400" yLocation="624"/><Entity Name="block_g" Rotation="0" xLocation="400" yLocation="640"/><Entity Name="block_g" Rotation="0" xLocation="384" yLocation="640"/><Entity Name="block_g" Rotation="0" xLocation="384" yLocation="656"/><Entity Name="block_g" Rotation="0" xLocation="368" yLocation="656"/><Entity Name="block_g" Rotation="0" xLocation="352" yLocation="656"/><Entity Name="block_g" Rotation="0" xLocation="336" yLocation="656"/><Entity Name="block_g" Rotation="0" xLocation="320" yLocation="656"/><Entity Name="block_g" Rotation="0" xLocation="304" yLocation="656"/><Entity Name="block_g" Rotation="0" xLocation="368" yLocation="640"/><Entity Name="block_g" Rotation="0" xLocation="400" yLocation="656"/><Entity Name="block_g" Rotation="0" xLocation="384" yLocation="624"/><Entity Name="block_g" Rotation="0" xLocation="368" yLocation="624"/><Entity Name="block_g" Rotation="0" xLocation="352" yLocation="624"/><Entity Name="block_g" Rotation="0" xLocation="336" yLocation="624"/><Entity Name="block_g" Rotation="0" xLocation="320" yLocation="624"/><Entity Name="block_g" Rotation="0" xLocation="304" yLocation="624"/><Entity Name="block_g" Rotation="0" xLocation="304" yLocation="640"/><Entity Name="block_g" Rotation="0" xLocation="320" yLocation="640"/><Entity Name="block_g" Rotation="0" xLocation="336" yLocation="640"/><Entity Name="block_g" Rotation="0" xLocation="352" yLocation="640"/><Entity Name="block_b" Rotation="0" xLocation="256" yLocation="640"/><Entity Name="block_b" Rotation="0" xLocation="272" yLocation="640"/><Entity Name="block_w" Rotation="0" xLocation="336" yLocation="592"/><Entity Name="block_w" Rotation="0" xLocation="336" yLocation="576"/><Entity Name="block_w" Rotation="0" xLocation="336" yLocation="560"/><Entity Name="block_b" Rotation="0" xLocation="336" yLocation="560"/><Entity Name="block_b" Rotation="0" xLocation="352" yLocation="560"/><Entity Name="block_b" Rotation="0" xLocation="384" yLocation="592"/><Entity Name="block_b" Rotation="0" xLocation="400" yLocation="592"/><Entity Name="block_w" Rotation="0" xLocation="384" yLocation="576"/><Entity Name="block_w" Rotation="0" xLocation="400" yLocation="576"/><Entity Name="block_w" Rotation="0" xLocation="384" yLocation="544"/><Entity Name="block_w" Rotation="0" xLocation="400" yLocation="544"/><Entity Name="block_g" Rotation="0" xLocation="416" yLocation="656"/><Entity Name="block_g" Rotation="0" xLocation="416" yLocation="640"/><Entity Name="block_g" Rotation="0" xLocation="416" yLocation="624"/><Entity Name="block_g" Rotation="0" xLocation="416" yLocation="608"/><Entity Name="block_g" Rotation="0" xLocation="416" yLocation="592"/><Entity Name="block_g" Rotation="0" xLocation="416" yLocation="576"/><Entity Name="block_g" Rotation="0" xLocation="416" yLocation="560"/><Entity Name="block_g" Rotation="0" xLocation="416" yLocation="544"/><Entity Name="block_g" Rotation="0" xLocation="416" yLocation="528"/><Entity Name="block_b" Rotation="0" xLocation="432" yLocation="528"/><Entity Name="block_b" Rotation="0" xLocation="448" yLocation="528"/><Entity Name="block_b" Rotation="0" xLocation="464" yLocation="528"/><Entity Name="block_b" Rotation="0" xLocation="480" yLocation="528"/><Entity Name="block_b" Rotation="0" xLocation="496" yLocation="528"/><Entity Name="block_g" Rotation="0" xLocation="512" yLocation="528"/><Entity Name="block_g" Rotation="0" xLocation="528" yLocation="528"/><Entity Name="block_g" Rotation="0" xLocation="544" yLocation="528"/><Entity Name="block_g" Rotation="0" xLocation="560" yLocation="528"/><Entity Name="block_g" Rotation="0" xLocation="576" yLocation="528"/><Entity Name="block_g" Rotation="0" xLocation="592" yLocation="528"/><Entity Name="block_g" Rotation="0" xLocation="592" yLocation="544"/><Entity Name="block_g" Rotation="0" xLocation="592" yLocation="560"/><Entity Name="block_g" Rotation="0" xLocation="592" yLocation="576"/><Entity Name="block_g" Rotation="0" xLocation="592" yLocation="592"/><Entity Name="block_g" Rotation="0" xLocation="592" yLocation="608"/><Entity Name="block_g" Rotation="0" xLocation="592" yLocation="624"/><Entity Name="block_g" Rotation="0" xLocation="592" yLocation="640"/><Entity Name="block_g" Rotation="0" xLocation="592" yLocation="656"/><Entity Name="block_g" Rotation="0" xLocation="576" yLocation="656"/><Entity Name="block_g" Rotation="0" xLocation="560" yLocation="656"/><Entity Name="block_g" Rotation="0" xLocation="544" yLocation="656"/><Entity Name="block_g" Rotation="0" xLocation="528" yLocation="656"/><Entity Name="block_g" Rotation="0" xLocation="512" yLocation="656"/><Entity Name="block_g" Rotation="0" xLocation="512" yLocation="640"/><Entity Name="block_g" Rotation="0" xLocation="512" yLocation="624"/><Entity Name="block_g" Rotation="0" xLocation="512" yLocation="608"/><Entity Name="block_g" Rotation="0" xLocation="512" yLocation="592"/><Entity Name="block_g" Rotation="0" xLocation="512" yLocation="576"/><Entity Name="block_g" Rotation="0" xLocation="512" yLocation="560"/><Entity Name="block_g" Rotation="0" xLocation="512" yLocation="544"/><Entity Name="block_g" Rotation="0" xLocation="528" yLocation="544"/><Entity Name="block_g" Rotation="0" xLocation="544" yLocation="544"/><Entity Name="block_g" Rotation="0" xLocation="560" yLocation="544"/><Entity Name="block_g" Rotation="0" xLocation="576" yLocation="544"/><Entity Name="block_g" Rotation="0" xLocation="576" yLocation="560"/><Entity Name="block_g" Rotation="0" xLocation="560" yLocation="560"/><Entity Name="block_g" Rotation="0" xLocation="544" yLocation="560"/><Entity Name="block_g" Rotation="0" xLocation="528" yLocation="560"/><Entity Name="block_g" Rotation="0" xLocation="528" yLocation="576"/><Entity Name="block_g" Rotation="0" xLocation="544" yLocation="576"/><Entity Name="block_g" Rotation="0" xLocation="560" yLocation="576"/><Entity Name="block_g" Rotation="0" xLocation="576" yLocation="576"/><Entity Name="block_g" Rotation="0" xLocation="576" yLocation="592"/><Entity Name="block_g" Rotation="0" xLocation="560" yLocation="592"/><Entity Name="block_g" Rotation="0" xLocation="544" yLocation="592"/><Entity Name="block_g" Rotation="0" xLocation="528" yLocation="592"/><Entity Name="block_g" Rotation="0" xLocation="528" yLocation="608"/><Entity Name="block_g" Rotation="0" xLocation="544" yLocation="608"/><Entity Name="block_g" Rotation="0" xLocation="560" yLocation="608"/><Entity Name="block_g" Rotation="0" xLocation="576" yLocation="608"/><Entity Name="block_g" Rotation="0" xLocation="576" yLocation="624"/><Entity Name="block_g" Rotation="0" xLocation="560" yLocation="624"/><Entity Name="block_g" Rotation="0" xLocation="544" yLocation="624"/><Entity Name="block_g" Rotation="0" xLocation="528" yLocation="624"/><Entity Name="block_g" Rotation="0" xLocation="576" yLocation="640"/><Entity Name="block_g" Rotation="0" xLocation="560" yLocation="640"/><Entity Name="block_g" Rotation="0" xLocation="544" yLocation="640"/><Entity Name="block_g" Rotation="0" xLocation="528" yLocation="640"/><Entity Name="block_g" Rotation="0" xLocation="432" yLocation="608"/><Entity Name="block_g" Rotation="0" xLocation="448" yLocation="608"/><Entity Name="block_g" Rotation="0" xLocation="464" yLocation="608"/><Entity Name="block_g" Rotation="0" xLocation="480" yLocation="608"/><Entity Name="block_g" Rotation="0" xLocation="496" yLocation="608"/><Entity Name="block_g" Rotation="0" xLocation="496" yLocation="624"/><Entity Name="block_g" Rotation="0" xLocation="480" yLocation="624"/><Entity Name="block_g" Rotation="0" xLocation="464" yLocation="624"/><Entity Name="block_g" Rotation="0" xLocation="448" yLocation="624"/><Entity Name="block_g" Rotation="0" xLocation="432" yLocation="624"/><Entity Name="block_g" Rotation="0" xLocation="448" yLocation="640"/><Entity Name="block_g" Rotation="0" xLocation="464" yLocation="640"/><Entity Name="block_g" Rotation="0" xLocation="480" yLocation="640"/><Entity Name="block_g" Rotation="0" xLocation="496" yLocation="640"/><Entity Name="block_g" Rotation="0" xLocation="432" yLocation="640"/><Entity Name="block_g" Rotation="0" xLocation="496" yLocation="656"/><Entity Name="block_g" Rotation="0" xLocation="480" yLocation="656"/><Entity Name="block_g" Rotation="0" xLocation="464" yLocation="656"/><Entity Name="block_g" Rotation="0" xLocation="448" yLocation="656"/><Entity Name="block_g" Rotation="0" xLocation="432" yLocation="656"/><Entity Name="block_w" Rotation="0" xLocation="560" yLocation="512"/><Entity Name="block_w" Rotation="0" xLocation="576" yLocation="512"/><Entity Name="block_w" Rotation="0" xLocation="592" yLocation="512"/><Entity Name="block_w" Rotation="0" xLocation="560" yLocation="480"/><Entity Name="block_w" Rotation="0" xLocation="576" yLocation="480"/><Entity Name="block_w" Rotation="0" xLocation="576" yLocation="480"/><Entity Name="block_w" Rotation="0" xLocation="592" yLocation="480"/><Entity Name="block_b" Rotation="0" xLocation="560" yLocation="496"/><Entity Name="block_b" Rotation="0" xLocation="576" yLocation="496"/><Entity Name="block_b" Rotation="0" xLocation="592" yLocation="496"/><Entity Name="block_g" Rotation="0" xLocation="544" yLocation="464"/><Entity Name="block_g" Rotation="0" xLocation="528" yLocation="464"/><Entity Name="block_g" Rotation="0" xLocation="512" yLocation="464"/><Entity Name="block_b" Rotation="0" xLocation="560" yLocation="432"/><Entity Name="block_b" Rotation="0" xLocation="560" yLocation="432"/><Entity Name="block_b" Rotation="0" xLocation="560" yLocation="432"/><Entity Name="block_b" Rotation="0" xLocation="576" yLocation="432"/><Entity Name="block_b" Rotation="0" xLocation="592" yLocation="432"/><Entity Name="block_w" Rotation="0" xLocation="560" yLocation="448"/><Entity Name="block_w" Rotation="0" xLocation="560" yLocation="448"/><Entity Name="block_w" Rotation="0" xLocation="576" yLocation="448"/><Entity Name="block_w" Rotation="0" xLocation="592" yLocation="448"/><Entity Name="block_g" Rotation="0" xLocation="544" yLocation="400"/><Entity Name="block_g" Rotation="0" xLocation="528" yLocation="400"/><Entity Name="block_g" Rotation="0" xLocation="512" yLocation="400"/><Entity Name="block_g" Rotation="0" xLocation="608" yLocation="512"/><Entity Name="block_g" Rotation="0" xLocation="608" yLocation="496"/><Entity Name="block_g" Rotation="0" xLocation="608" yLocation="480"/><Entity Name="block_g" Rotation="0" xLocation="608" yLocation="464"/><Entity Name="block_g" Rotation="0" xLocation="608" yLocation="448"/><Entity Name="block_g" Rotation="0" xLocation="608" yLocation="432"/><Entity Name="block_g" Rotation="0" xLocation="608" yLocation="416"/><Entity Name="block_g" Rotation="0" xLocation="608" yLocation="400"/><Entity Name="block_g" Rotation="0" xLocation="608" yLocation="384"/><Entity Name="block_g" Rotation="0" xLocation="608" yLocation="368"/><Entity Name="block_g" Rotation="0" xLocation="608" yLocation="352"/><Entity Name="block_g" Rotation="0" xLocation="608" yLocation="336"/><Entity Name="block_g" Rotation="0" xLocation="608" yLocation="320"/><Entity Name="block_g" Rotation="0" xLocation="608" yLocation="304"/><Entity Name="block_g" Rotation="0" xLocation="496" yLocation="384"/><Entity Name="block_g" Rotation="0" xLocation="480" yLocation="384"/><Entity Name="block_g" Rotation="0" xLocation="448" yLocation="368"/><Entity Name="block_g" Rotation="0" xLocation="464" yLocation="368"/><Entity Name="block_g" Rotation="0" xLocation="448" yLocation="384"/><Entity Name="block_g" Rotation="0" xLocation="448" yLocation="400"/><Entity Name="block_g" Rotation="0" xLocation="464" yLocation="400"/><Entity Name="block_g" Rotation="0" xLocation="480" yLocation="400"/><Entity Name="block_g" Rotation="0" xLocation="496" yLocation="400"/><Entity Name="block_g" Rotation="0" xLocation="464" yLocation="384"/><Entity Name="block_w" Rotation="0" xLocation="416" yLocation="368"/><Entity Name="block_w" Rotation="0" xLocation="432" yLocation="368"/><Entity Name="block_w" Rotation="0" xLocation="400" yLocation="368"/><Entity Name="block_w" Rotation="0" xLocation="384" yLocation="368"/><Entity Name="block_g" Rotation="0" xLocation="368" yLocation="368"/><Entity Name="block_g" Rotation="0" xLocation="352" yLocation="368"/><Entity Name="block_g" Rotation="0" xLocation="352" yLocation="384"/><Entity Name="block_g" Rotation="0" xLocation="368" yLocation="384"/><Entity Name="block_g" Rotation="0" xLocation="368" yLocation="400"/><Entity Name="block_g" Rotation="0" xLocation="352" yLocation="400"/><Entity Name="block_g" Rotation="0" xLocation="336" yLocation="400"/><Entity Name="block_g" Rotation="0" xLocation="320" yLocation="400"/><Entity Name="block_g" Rotation="0" xLocation="320" yLocation="384"/><Entity Name="block_g" Rotation="0" xLocation="320" yLocation="368"/><Entity Name="block_g" Rotation="0" xLocation="336" yLocation="368"/><Entity Name="block_g" Rotation="0" xLocation="336" yLocation="384"/><Entity Name="block_w" Rotation="0" xLocation="272" yLocation="352"/><Entity Name="block_w" Rotation="0" xLocation="256" yLocation="352"/><Entity Name="block_w" Rotation="0" xLocation="240" yLocation="320"/><Entity Name="block_w" Rotation="0" xLocation="224" yLocation="320"/><Entity Name="block_b" Rotation="0" xLocation="224" yLocation="336"/><Entity Name="block_b" Rotation="0" xLocation="240" yLocation="336"/><Entity Name="block_b" Rotation="0" xLocation="272" yLocation="304"/><Entity Name="block_b" Rotation="0" xLocation="288" yLocation="304"/><Entity Name="block_g" Rotation="0" xLocation="320" yLocation="288"/><Entity Name="block_g" Rotation="0" xLocation="336" yLocation="288"/><Entity Name="block_g" Rotation="0" xLocation="352" yLocation="288"/><Entity Name="block_g" Rotation="0" xLocation="368" yLocation="288"/><Entity Name="block_g" Rotation="0" xLocation="384" yLocation="288"/><Entity Name="block_g" Rotation="0" xLocation="400" yLocation="288"/><Entity Name="block_g" Rotation="0" xLocation="416" yLocation="288"/><Entity Name="block_g" Rotation="0" xLocation="432" yLocation="288"/><Entity Name="block_g" Rotation="0" xLocation="448" yLocation="288"/><Entity Name="block_g" Rotation="0" xLocation="464" yLocation="288"/><Entity Name="block_g" Rotation="0" xLocation="480" yLocation="288"/><Entity Name="block_g" Rotation="0" xLocation="496" yLocation="288"/><Entity Name="block_g" Rotation="0" xLocation="512" yLocation="288"/><Entity Name="block_g" Rotation="0" xLocation="528" yLocation="288"/><Entity Name="block_g" Rotation="0" xLocation="544" yLocation="288"/><Entity Name="block_g" Rotation="0" xLocation="560" yLocation="288"/><Entity Name="block_g" Rotation="0" xLocation="576" yLocation="288"/><Entity Name="block_g" Rotation="0" xLocation="592" yLocation="288"/><Entity Name="block_g" Rotation="0" xLocation="608" yLocation="288"/><Entity Name="block_g" Rotation="0" xLocation="304" yLocation="224"/><Entity Name="block_g" Rotation="0" xLocation="288" yLocation="224"/><Entity Name="block_g" Rotation="0" xLocation="272" yLocation="224"/><Entity Name="block_g" Rotation="0" xLocation="272" yLocation="208"/><Entity Name="block_g" Rotation="0" xLocation="256" yLocation="208"/><Entity Name="block_g" Rotation="0" xLocation="240" yLocation="208"/><Entity Name="block_g" Rotation="0" xLocation="240" yLocation="224"/><Entity Name="block_g" Rotation="0" xLocation="256" yLocation="224"/><Entity Name="block_g" Rotation="0" xLocation="224" yLocation="208"/><Entity Name="block_g" Rotation="0" xLocation="208" yLocation="208"/><Entity Name="block_g" Rotation="0" xLocation="192" yLocation="224"/><Entity Name="block_g" Rotation="0" xLocation="208" yLocation="224"/><Entity Name="block_g" Rotation="0" xLocation="224" yLocation="224"/><Entity Name="block_g" Rotation="0" xLocation="192" yLocation="208"/><Entity Name="block_g" Rotation="0" xLocation="192" yLocation="240"/><Entity Name="block_g" Rotation="0" xLocation="192" yLocation="256"/><Entity Name="block_g" Rotation="0" xLocation="208" yLocation="240"/><Entity Name="block_g" Rotation="0" xLocation="208" yLocation="256"/><Entity Name="block_g" Rotation="0" xLocation="208" yLocation="272"/><Entity Name="block_g" Rotation="0" xLocation="208" yLocation="288"/><Entity Name="block_g" Rotation="0" xLocation="208" yLocation="304"/><Entity Name="block_g" Rotation="0" xLocation="208" yLocation="320"/><Entity Name="block_g" Rotation="0" xLocation="208" yLocation="336"/><Entity Name="block_g" Rotation="0" xLocation="208" yLocation="352"/><Entity Name="block_g" Rotation="0" xLocation="192" yLocation="352"/><Entity Name="block_g" Rotation="0" xLocation="192" yLocation="368"/><Entity Name="block_g" Rotation="0" xLocation="192" yLocation="384"/><Entity Name="block_g" Rotation="0" xLocation="208" yLocation="384"/><Entity Name="block_g" Rotation="0" xLocation="208" yLocation="368"/><Entity Name="block_g" Rotation="0" xLocation="208" yLocation="400"/><Entity Name="block_g" Rotation="0" xLocation="208" yLocation="416"/><Entity Name="block_g" Rotation="0" xLocation="192" yLocation="416"/><Entity Name="block_g" Rotation="0" xLocation="192" yLocation="432"/><Entity Name="block_g" Rotation="0" xLocation="192" yLocation="448"/><Entity Name="block_g" Rotation="0" xLocation="192" yLocation="464"/><Entity Name="block_g" Rotation="0" xLocation="208" yLocation="464"/><Entity Name="block_g" Rotation="0" xLocation="208" yLocation="480"/><Entity Name="block_g" Rotation="0" xLocation="192" yLocation="480"/><Entity Name="block_g" Rotation="0" xLocation="176" yLocation="480"/><Entity Name="block_g" Rotation="0" xLocation="208" yLocation="432"/><Entity Name="block_g" Rotation="0" xLocation="208" yLocation="448"/><Entity Name="block_g" Rotation="0" xLocation="176" yLocation="464"/><Entity Name="block_g" Rotation="0" xLocation="160" yLocation="464"/><Entity Name="block_g" Rotation="0" xLocation="144" yLocation="464"/><Entity Name="block_g" Rotation="0" xLocation="128" yLocation="464"/><Entity Name="block_g" Rotation="0" xLocation="112" yLocation="464"/><Entity Name="block_g" Rotation="0" xLocation="96" yLocation="464"/><Entity Name="block_g" Rotation="0" xLocation="96" yLocation="480"/><Entity Name="block_g" Rotation="0" xLocation="112" yLocation="480"/><Entity Name="block_g" Rotation="0" xLocation="128" yLocation="480"/><Entity Name="block_g" Rotation="0" xLocation="144" yLocation="480"/><Entity Name="block_g" Rotation="0" xLocation="160" yLocation="480"/><Entity Name="block_g" Rotation="0" xLocation="80" yLocation="464"/><Entity Name="block_g" Rotation="0" xLocation="64" yLocation="464"/><Entity Name="block_g" Rotation="0" xLocation="48" yLocation="464"/><Entity Name="block_g" Rotation="0" xLocation="32" yLocation="464"/><Entity Name="block_g" Rotation="0" xLocation="32" yLocation="480"/><Entity Name="block_g" Rotation="0" xLocation="16" yLocation="480"/><Entity Name="block_g" Rotation="0" xLocation="0" yLocation="480"/><Entity Name="block_g" Rotation="0" xLocation="0" yLocation="464"/><Entity Name="block_g" Rotation="0" xLocation="16" yLocation="464"/><Entity Name="block_g" Rotation="0" xLocation="80" yLocation="480"/><Entity Name="block_g" Rotation="0" xLocation="64" yLocation="480"/><Entity Name="block_g" Rotation="0" xLocation="48" yLocation="480"/><Entity Name="block_g" Rotation="0" xLocation="160" yLocation="448"/><Entity Name="block_g" Rotation="0" xLocation="176" yLocation="448"/><Entity Name="block_g" Rotation="0" xLocation="176" yLocation="432"/><Entity Name="block_g" Rotation="0" xLocation="192" yLocation="400"/><Entity Name="block_g" Rotation="0" xLocation="176" yLocation="352"/><Entity Name="block_g" Rotation="0" xLocation="176" yLocation="336"/><Entity Name="block_g" Rotation="0" xLocation="192" yLocation="336"/><Entity Name="block_g" Rotation="0" xLocation="192" yLocation="320"/><Entity Name="block_g" Rotation="0" xLocation="192" yLocation="304"/><Entity Name="block_g" Rotation="0" xLocation="192" yLocation="288"/><Entity Name="block_g" Rotation="0" xLocation="192" yLocation="272"/><Entity Name="block_g" Rotation="0" xLocation="176" yLocation="256"/><Entity Name="block_g" Rotation="0" xLocation="176" yLocation="240"/><Entity Name="block_g" Rotation="0" xLocation="176" yLocation="224"/><Entity Name="block_g" Rotation="0" xLocation="176" yLocation="208"/><Entity Name="block_g" Rotation="0" xLocation="160" yLocation="208"/><Entity Name="block_g" Rotation="0" xLocation="144" yLocation="208"/><Entity Name="block_g" Rotation="0" xLocation="128" yLocation="208"/><Entity Name="block_g" Rotation="0" xLocation="112" yLocation="208"/><Entity Name="block_g" Rotation="0" xLocation="96" yLocation="208"/><Entity Name="block_g" Rotation="0" xLocation="80" yLocation="208"/><Entity Name="block_g" Rotation="0" xLocation="80" yLocation="208"/><Entity Name="block_g" Rotation="0" xLocation="64" yLocation="208"/><Entity Name="block_g" Rotation="0" xLocation="48" yLocation="208"/><Entity Name="block_g" Rotation="0" xLocation="32" yLocation="208"/><Entity Name="block_g" Rotation="0" xLocation="16" yLocation="208"/><Entity Name="block_g" Rotation="0" xLocation="0" yLocation="208"/><Entity Name="block_g" Rotation="0" xLocation="0" yLocation="224"/><Entity Name="block_g" Rotation="0" xLocation="0" yLocation="240"/><Entity Name="block_g" Rotation="0" xLocation="0" yLocation="256"/><Entity Name="block_g" Rotation="0" xLocation="0" yLocation="272"/><Entity Name="block_g" Rotation="0" xLocation="0" yLocation="288"/><Entity Name="block_g" Rotation="0" xLocation="0" yLocation="304"/><Entity Name="block_g" Rotation="0" xLocation="0" yLocation="320"/><Entity Name="block_g" Rotation="0" xLocation="0" yLocation="336"/><Entity Name="block_g" Rotation="0" xLocation="0" yLocation="352"/><Entity Name="block_g" Rotation="0" xLocation="0" yLocation="368"/><Entity Name="block_g" Rotation="0" xLocation="0" yLocation="384"/><Entity Name="block_g" Rotation="0" xLocation="0" yLocation="400"/><Entity Name="block_g" Rotation="0" xLocation="0" yLocation="416"/><Entity Name="block_g" Rotation="0" xLocation="0" yLocation="432"/><Entity Name="block_g" Rotation="0" xLocation="0" yLocation="448"/><Entity Name="block_g" Rotation="0" xLocation="16" yLocation="448"/><Entity Name="block_g" Rotation="0" xLocation="32" yLocation="448"/><Entity Name="block_g" Rotation="0" xLocation="48" yLocation="448"/><Entity Name="block_g" Rotation="0" xLocation="64" yLocation="448"/><Entity Name="block_g" Rotation="0" xLocation="80" yLocation="448"/><Entity Name="block_g" Rotation="0" xLocation="96" yLocation="448"/><Entity Name="block_g" Rotation="0" xLocation="112" yLocation="448"/><Entity Name="block_g" Rotation="0" xLocation="128" yLocation="448"/><Entity Name="block_g" Rotation="0" xLocation="144" yLocation="432"/><Entity Name="block_g" Rotation="0" xLocation="160" yLocation="432"/><Entity Name="block_g" Rotation="0" xLocation="160" yLocation="416"/><Entity Name="block_g" Rotation="0" xLocation="176" yLocation="416"/><Entity Name="block_g" Rotation="0" xLocation="176" yLocation="400"/><Entity Name="block_g" Rotation="0" xLocation="176" yLocation="384"/><Entity Name="block_g" Rotation="0" xLocation="160" yLocation="384"/><Entity Name="block_g" Rotation="0" xLocation="160" yLocation="400"/><Entity Name="block_g" Rotation="0" xLocation="144" yLocation="400"/><Entity Name="block_g" Rotation="0" xLocation="144" yLocation="400"/><Entity Name="block_g" Rotation="0" xLocation="144" yLocation="416"/><Entity Name="block_g" Rotation="0" xLocation="128" yLocation="416"/><Entity Name="block_g" Rotation="0" xLocation="128" yLocation="416"/><Entity Name="block_g" Rotation="0" xLocation="128" yLocation="432"/><Entity Name="block_g" Rotation="0" xLocation="128" yLocation="400"/><Entity Name="block_g" Rotation="0" xLocation="112" yLocation="416"/><Entity Name="block_g" Rotation="0" xLocation="112" yLocation="432"/><Entity Name="block_g" Rotation="0" xLocation="144" yLocation="448"/><Entity Name="block_g" Rotation="0" xLocation="144" yLocation="384"/><Entity Name="block_g" Rotation="0" xLocation="128" yLocation="384"/><Entity Name="block_g" Rotation="0" xLocation="112" yLocation="384"/><Entity Name="block_g" Rotation="0" xLocation="96" yLocation="384"/><Entity Name="block_g" Rotation="0" xLocation="96" yLocation="400"/><Entity Name="block_g" Rotation="0" xLocation="96" yLocation="416"/><Entity Name="block_g" Rotation="0" xLocation="128" yLocation="368"/><Entity Name="block_g" Rotation="0" xLocation="128" yLocation="352"/><Entity Name="block_g" Rotation="0" xLocation="128" yLocation="352"/><Entity Name="block_g" Rotation="0" xLocation="128" yLocation="336"/><Entity Name="block_g" Rotation="0" xLocation="112" yLocation="336"/><Entity Name="block_g" Rotation="0" xLocation="112" yLocation="336"/><Entity Name="block_g" Rotation="0" xLocation="96" yLocation="336"/><Entity Name="block_g" Rotation="0" xLocation="80" yLocation="336"/><Entity Name="block_g" Rotation="0" xLocation="80" yLocation="352"/><Entity Name="block_g" Rotation="0" xLocation="64" yLocation="352"/><Entity Name="block_g" Rotation="0" xLocation="64" yLocation="368"/><Entity Name="block_g" Rotation="0" xLocation="64" yLocation="384"/><Entity Name="block_g" Rotation="0" xLocation="80" yLocation="400"/><Entity Name="block_g" Rotation="0" xLocation="112" yLocation="400"/><Entity Name="block_g" Rotation="0" xLocation="112" yLocation="400"/><Entity Name="block_g" Rotation="0" xLocation="144" yLocation="368"/><Entity Name="block_g" Rotation="0" xLocation="144" yLocation="352"/><Entity Name="block_g" Rotation="0" xLocation="144" yLocation="336"/><Entity Name="block_g" Rotation="0" xLocation="128" yLocation="320"/><Entity Name="block_g" Rotation="0" xLocation="128" yLocation="304"/><Entity Name="block_g" Rotation="0" xLocation="128" yLocation="304"/><Entity Name="block_g" Rotation="0" xLocation="112" yLocation="304"/><Entity Name="block_g" Rotation="0" xLocation="96" yLocation="304"/><Entity Name="block_g" Rotation="0" xLocation="96" yLocation="304"/><Entity Name="block_g" Rotation="0" xLocation="96" yLocation="320"/><Entity Name="block_g" Rotation="0" xLocation="80" yLocation="320"/><Entity Name="block_g" Rotation="0" xLocation="144" yLocation="320"/><Entity Name="block_g" Rotation="0" xLocation="144" yLocation="320"/><Entity Name="block_g" Rotation="0" xLocation="128" yLocation="288"/><Entity Name="block_g" Rotation="0" xLocation="112" yLocation="288"/><Entity Name="block_g" Rotation="0" xLocation="96" yLocation="288"/><Entity Name="block_g" Rotation="0" xLocation="80" yLocation="288"/><Entity Name="block_g" Rotation="0" xLocation="80" yLocation="288"/><Entity Name="block_g" Rotation="0" xLocation="80" yLocation="304"/><Entity Name="block_g" Rotation="0" xLocation="64" yLocation="304"/><Entity Name="block_g" Rotation="0" xLocation="64" yLocation="320"/><Entity Name="block_g" Rotation="0" xLocation="64" yLocation="336"/><Entity Name="block_g" Rotation="0" xLocation="80" yLocation="384"/><Entity Name="block_g" Rotation="0" xLocation="160" yLocation="336"/><Entity Name="block_g" Rotation="0" xLocation="160" yLocation="320"/><Entity Name="block_g" Rotation="0" xLocation="160" yLocation="304"/><Entity Name="block_g" Rotation="0" xLocation="144" yLocation="288"/><Entity Name="block_g" Rotation="0" xLocation="128" yLocation="272"/><Entity Name="block_g" Rotation="0" xLocation="112" yLocation="272"/><Entity Name="block_g" Rotation="0" xLocation="96" yLocation="272"/><Entity Name="block_g" Rotation="0" xLocation="80" yLocation="272"/><Entity Name="block_g" Rotation="0" xLocation="48" yLocation="304"/><Entity Name="block_g" Rotation="0" xLocation="48" yLocation="320"/><Entity Name="block_g" Rotation="0" xLocation="48" yLocation="336"/><Entity Name="block_g" Rotation="0" xLocation="48" yLocation="352"/><Entity Name="block_g" Rotation="0" xLocation="48" yLocation="368"/><Entity Name="block_g" Rotation="0" xLocation="144" yLocation="304"/><Entity Name="block_g" Rotation="0" xLocation="64" yLocation="288"/><Entity Name="block_g" Rotation="0" xLocation="48" yLocation="384"/><Entity Name="block_g" Rotation="0" xLocation="64" yLocation="400"/><Entity Name="block_g" Rotation="0" xLocation="160" yLocation="288"/><Entity Name="block_g" Rotation="0" xLocation="160" yLocation="288"/><Entity Name="block_g" Rotation="0" xLocation="144" yLocation="272"/><Entity Name="block_g" Rotation="0" xLocation="64" yLocation="272"/><Entity Name="block_g" Rotation="0" xLocation="48" yLocation="288"/><Entity Name="block_g" Rotation="0" xLocation="32" yLocation="304"/><Entity Name="block_g" Rotation="0" xLocation="32" yLocation="320"/><Entity Name="block_g" Rotation="0" xLocation="32" yLocation="336"/><Entity Name="block_g" Rotation="0" xLocation="32" yLocation="352"/><Entity Name="block_g" Rotation="0" xLocation="32" yLocation="352"/><Entity Name="block_g" Rotation="0" xLocation="32" yLocation="368"/><Entity Name="block_g" Rotation="0" xLocation="112" yLocation="368"/><Entity Name="block_g" Rotation="0" xLocation="112" yLocation="352"/><Entity Name="block_g" Rotation="0" xLocation="112" yLocation="320"/><Entity Name="block_g" Rotation="0" xLocation="96" yLocation="368"/><Entity Name="block_g" Rotation="0" xLocation="80" yLocation="368"/><Entity Name="block_g" Rotation="0" xLocation="96" yLocation="352"/><Entity Name="block_g" Rotation="0" xLocation="48" yLocation="400"/><Entity Name="block_g" Rotation="0" xLocation="64" yLocation="416"/><Entity Name="block_g" Rotation="0" xLocation="64" yLocation="416"/><Entity Name="block_g" Rotation="0" xLocation="64" yLocation="432"/><Entity Name="block_g" Rotation="0" xLocation="80" yLocation="432"/><Entity Name="block_g" Rotation="0" xLocation="96" yLocation="432"/><Entity Name="block_g" Rotation="0" xLocation="48" yLocation="416"/><Entity Name="block_g" Rotation="0" xLocation="32" yLocation="400"/><Entity Name="block_g" Rotation="0" xLocation="32" yLocation="416"/><Entity Name="block_g" Rotation="0" xLocation="48" yLocation="432"/><Entity Name="block_g" Rotation="0" xLocation="80" yLocation="416"/><Entity Name="block_g" Rotation="0" xLocation="16" yLocation="416"/><Entity Name="block_g" Rotation="0" xLocation="32" yLocation="432"/><Entity Name="block_g" Rotation="0" xLocation="16" yLocation="432"/><Entity Name="block_g" Rotation="0" xLocation="32" yLocation="384"/><Entity Name="block_g" Rotation="0" xLocation="16" yLocation="384"/><Entity Name="block_g" Rotation="0" xLocation="16" yLocation="400"/><Entity Name="block_g" Rotation="0" xLocation="16" yLocation="368"/><Entity Name="block_g" Rotation="0" xLocation="16" yLocation="336"/><Entity Name="block_g" Rotation="0" xLocation="16" yLocation="336"/><Entity Name="block_g" Rotation="0" xLocation="16" yLocation="352"/><Entity Name="block_g" Rotation="0" xLocation="16" yLocation="288"/><Entity Name="block_g" Rotation="0" xLocation="16" yLocation="304"/><Entity Name="block_g" Rotation="0" xLocation="16" yLocation="304"/><Entity Name="block_g" Rotation="0" xLocation="16" yLocation="320"/><Entity Name="block_g" Rotation="0" xLocation="48" yLocation="272"/><Entity Name="block_g" Rotation="0" xLocation="32" yLocation="272"/><Entity Name="block_g" Rotation="0" xLocation="32" yLocation="288"/><Entity Name="block_g" Rotation="0" xLocation="64" yLocation="256"/><Entity Name="block_g" Rotation="0" xLocation="48" yLocation="240"/><Entity Name="block_g" Rotation="0" xLocation="48" yLocation="240"/><Entity Name="block_g" Rotation="0" xLocation="32" yLocation="240"/><Entity Name="block_g" Rotation="0" xLocation="32" yLocation="256"/><Entity Name="block_g" Rotation="0" xLocation="32" yLocation="256"/><Entity Name="block_g" Rotation="0" xLocation="48" yLocation="224"/><Entity Name="block_g" Rotation="0" xLocation="48" yLocation="224"/><Entity Name="block_g" Rotation="0" xLocation="32" yLocation="224"/><Entity Name="block_g" Rotation="0" xLocation="32" yLocation="224"/><Entity Name="block_g" Rotation="0" xLocation="16" yLocation="224"/><Entity Name="block_g" Rotation="0" xLocation="16" yLocation="224"/><Entity Name="block_g" Rotation="0" xLocation="16" yLocation="256"/><Entity Name="block_g" Rotation="0" xLocation="16" yLocation="272"/><Entity Name="block_g" Rotation="0" xLocation="80" yLocation="256"/><Entity Name="block_g" Rotation="0" xLocation="80" yLocation="256"/><Entity Name="block_g" Rotation="0" xLocation="80" yLocation="240"/><Entity Name="block_g" Rotation="0" xLocation="64" yLocation="240"/><Entity Name="block_g" Rotation="0" xLocation="16" yLocation="240"/><Entity Name="block_g" Rotation="0" xLocation="64" yLocation="224"/><Entity Name="block_g" Rotation="0" xLocation="64" yLocation="224"/><Entity Name="block_g" Rotation="0" xLocation="48" yLocation="256"/><Entity Name="block_g" Rotation="0" xLocation="96" yLocation="256"/><Entity Name="block_g" Rotation="0" xLocation="96" yLocation="240"/><Entity Name="block_g" Rotation="0" xLocation="96" yLocation="240"/><Entity Name="block_g" Rotation="0" xLocation="96" yLocation="224"/><Entity Name="block_g" Rotation="0" xLocation="80" yLocation="224"/><Entity Name="block_g" Rotation="0" xLocation="80" yLocation="224"/><Entity Name="block_g" Rotation="0" xLocation="112" yLocation="240"/><Entity Name="block_g" Rotation="0" xLocation="112" yLocation="256"/><Entity Name="block_g" Rotation="0" xLocation="128" yLocation="240"/><Entity Name="block_g" Rotation="0" xLocation="128" yLocation="224"/><Entity Name="block_g" Rotation="0" xLocation="112" yLocation="224"/><Entity Name="block_g" Rotation="0" xLocation="128" yLocation="256"/><Entity Name="block_g" Rotation="0" xLocation="144" yLocation="240"/><Entity Name="block_g" Rotation="0" xLocation="144" yLocation="224"/><Entity Name="block_g" Rotation="0" xLocation="144" yLocation="256"/><Entity Name="block_g" Rotation="0" xLocation="160" yLocation="272"/><Entity Name="block_g" Rotation="0" xLocation="160" yLocation="256"/><Entity Name="block_g" Rotation="0" xLocation="160" yLocation="240"/><Entity Name="block_g" Rotation="0" xLocation="160" yLocation="224"/><Entity Name="block_g" Rotation="0" xLocation="160" yLocation="224"/><Entity Name="block_g" Rotation="0" xLocation="160" yLocation="352"/><Entity Name="block_g" Rotation="0" xLocation="176" yLocation="288"/><Entity Name="block_g" Rotation="0" xLocation="176" yLocation="304"/><Entity Name="block_g" Rotation="0" xLocation="176" yLocation="320"/><Entity Name="block_g" Rotation="0" xLocation="176" yLocation="272"/><Entity Name="block_g" Rotation="0" xLocation="176" yLocation="368"/><Entity Name="block_g" Rotation="0" xLocation="160" yLocation="368"/><Entity Name="block_g" Rotation="0" xLocation="288" yLocation="208"/><Entity Name="block_g" Rotation="0" xLocation="304" yLocation="208"/><Entity Name="block_g" Rotation="0" xLocation="320" yLocation="224"/><Entity Name="block_g" Rotation="0" xLocation="336" yLocation="224"/><Entity Name="block_g" Rotation="0" xLocation="352" yLocation="224"/><Entity Name="block_g" Rotation="0" xLocation="368" yLocation="224"/><Entity Name="block_b" Rotation="0" xLocation="384" yLocation="224"/><Entity Name="block_b" Rotation="0" xLocation="400" yLocation="224"/><Entity Name="block_b" Rotation="0" xLocation="448" yLocation="224"/><Entity Name="block_b" Rotation="0" xLocation="464" yLocation="224"/><Entity Name="block_w" Rotation="0" xLocation="416" yLocation="224"/><Entity Name="block_w" Rotation="0" xLocation="416" yLocation="224"/><Entity Name="block_w" Rotation="0" xLocation="432" yLocation="224"/><Entity Name="block_g" Rotation="0" xLocation="304" yLocation="192"/><Entity Name="block_g" Rotation="0" xLocation="320" yLocation="160"/><Entity Name="block_g" Rotation="0" xLocation="320" yLocation="160"/><Entity Name="block_g" Rotation="0" xLocation="336" yLocation="160"/><Entity Name="block_g" Rotation="0" xLocation="352" yLocation="160"/><Entity Name="block_g" Rotation="0" xLocation="368" yLocation="160"/><Entity Name="block_g" Rotation="0" xLocation="384" yLocation="160"/><Entity Name="block_g" Rotation="0" xLocation="400" yLocation="160"/><Entity Name="block_g" Rotation="0" xLocation="416" yLocation="160"/><Entity Name="block_g" Rotation="0" xLocation="432" yLocation="160"/><Entity Name="block_g" Rotation="0" xLocation="448" yLocation="160"/><Entity Name="block_g" Rotation="0" xLocation="464" yLocation="160"/><Entity Name="block_g" Rotation="0" xLocation="480" yLocation="160"/><Entity Name="block_g" Rotation="0" xLocation="480" yLocation="176"/><Entity Name="block_g" Rotation="0" xLocation="480" yLocation="192"/><Entity Name="block_g" Rotation="0" xLocation="480" yLocation="208"/><Entity Name="block_g" Rotation="0" xLocation="480" yLocation="224"/><Entity Name="block_g" Rotation="0" xLocation="496" yLocation="224"/><Entity Name="block_g" Rotation="0" xLocation="496" yLocation="208"/><Entity Name="block_g" Rotation="0" xLocation="512" yLocation="208"/><Entity Name="block_g" Rotation="0" xLocation="528" yLocation="208"/><Entity Name="block_g" Rotation="0" xLocation="528" yLocation="224"/><Entity Name="block_g" Rotation="0" xLocation="512" yLocation="224"/><Entity Name="block_g" Rotation="0" xLocation="512" yLocation="224"/><Entity Name="block_g" Rotation="0" xLocation="544" yLocation="224"/><Entity Name="block_g" Rotation="0" xLocation="560" yLocation="224"/><Entity Name="block_g" Rotation="0" xLocation="576" yLocation="224"/><Entity Name="block_g" Rotation="0" xLocation="592" yLocation="224"/><Entity Name="block_g" Rotation="0" xLocation="592" yLocation="224"/><Entity Name="block_g" Rotation="0" xLocation="608" yLocation="224"/><Entity Name="block_g" Rotation="0" xLocation="608" yLocation="208"/><Entity Name="block_g" Rotation="0" xLocation="608" yLocation="192"/><Entity Name="block_g" Rotation="0" xLocation="608" yLocation="176"/><Entity Name="block_g" Rotation="0" xLocation="608" yLocation="160"/><Entity Name="block_g" Rotation="0" xLocation="592" yLocation="160"/><Entity Name="block_g" Rotation="0" xLocation="576" yLocation="160"/><Entity Name="block_g" Rotation="0" xLocation="576" yLocation="160"/><Entity Name="block_g" Rotation="0" xLocation="560" yLocation="160"/><Entity Name="block_g" Rotation="0" xLocation="544" yLocation="160"/><Entity Name="block_g" Rotation="0" xLocation="528" yLocation="160"/><Entity Name="block_g" Rotation="0" xLocation="512" yLocation="160"/><Entity Name="block_g" Rotation="0" xLocation="496" yLocation="160"/><Entity Name="block_g" Rotation="0" xLocation="496" yLocation="176"/><Entity Name="block_g" Rotation="0" xLocation="496" yLocation="192"/><Entity Name="block_g" Rotation="0" xLocation="512" yLocation="192"/><Entity Name="block_g" Rotation="0" xLocation="528" yLocation="192"/><Entity Name="block_g" Rotation="0" xLocation="528" yLocation="176"/><Entity Name="block_g" Rotation="0" xLocation="512" yLocation="176"/><Entity Name="block_g" Rotation="0" xLocation="544" yLocation="176"/><Entity Name="block_g" Rotation="0" xLocation="544" yLocation="192"/><Entity Name="block_g" Rotation="0" xLocation="560" yLocation="176"/><Entity Name="block_g" Rotation="0" xLocation="560" yLocation="192"/><Entity Name="block_g" Rotation="0" xLocation="560" yLocation="192"/><Entity Name="block_g" Rotation="0" xLocation="576" yLocation="192"/><Entity Name="block_g" Rotation="0" xLocation="576" yLocation="176"/><Entity Name="block_g" Rotation="0" xLocation="560" yLocation="208"/><Entity Name="block_g" Rotation="0" xLocation="576" yLocation="208"/><Entity Name="block_g" Rotation="0" xLocation="592" yLocation="192"/><Entity Name="block_g" Rotation="0" xLocation="592" yLocation="176"/><Entity Name="block_g" Rotation="0" xLocation="592" yLocation="208"/><Entity Name="block_g" Rotation="0" xLocation="544" yLocation="208"/><Entity Name="block_g" Rotation="0" xLocation="16" yLocation="672"/><Entity Name="block_g" Rotation="0" xLocation="32" yLocation="672"/><Entity Name="block_g" Rotation="0" xLocation="48" yLocation="672"/><Entity Name="block_g" Rotation="0" xLocation="64" yLocation="672"/><Entity Name="block_g" Rotation="0" xLocation="80" yLocation="672"/><Entity Name="block_g" Rotation="0" xLocation="96" yLocation="672"/><Entity Name="block_g" Rotation="0" xLocation="96" yLocation="672"/><Entity Name="block_g" Rotation="0" xLocation="112" yLocation="672"/><Entity Name="block_g" Rotation="0" xLocation="112" yLocation="672"/><Entity Name="block_g" Rotation="0" xLocation="128" yLocation="672"/><Entity Name="block_g" Rotation="0" xLocation="128" yLocation="672"/><Entity Name="block_g" Rotation="0" xLocation="144" yLocation="672"/><Entity Name="block_g" Rotation="0" xLocation="160" yLocation="672"/><Entity Name="block_g" Rotation="0" xLocation="160" yLocation="672"/><Entity Name="block_g" Rotation="0" xLocation="272" yLocation="672"/><Entity Name="block_g" Rotation="0" xLocation="272" yLocation="672"/><Entity Name="block_g" Rotation="0" xLocation="256" yLocation="672"/><Entity Name="block_g" Rotation="0" xLocation="240" yLocation="672"/><Entity Name="block_g" Rotation="0" xLocation="224" yLocation="672"/><Entity Name="block_g" Rotation="0" xLocation="208" yLocation="672"/><Entity Name="block_g" Rotation="0" xLocation="208" yLocation="672"/><Entity Name="block_g" Rotation="0" xLocation="192" yLocation="672"/><Entity Name="block_g" Rotation="0" xLocation="192" yLocation="672"/><Entity Name="block_g" Rotation="0" xLocation="176" yLocation="672"/><Entity Name="block_g" Rotation="0" xLocation="288" yLocation="672"/><Entity Name="block_g" Rotation="0" xLocation="304" yLocation="672"/><Entity Name="block_g" Rotation="0" xLocation="320" yLocation="672"/><Entity Name="block_g" Rotation="0" xLocation="336" yLocation="672"/><Entity Name="block_g" Rotation="0" xLocation="352" yLocation="672"/><Entity Name="block_g" Rotation="0" xLocation="368" yLocation="672"/><Entity Name="block_g" Rotation="0" xLocation="384" yLocation="672"/><Entity Name="block_g" Rotation="0" xLocation="592" yLocation="672"/><Entity Name="block_g" Rotation="0" xLocation="592" yLocation="688"/><Entity Name="block_g" Rotation="0" xLocation="592" yLocation="704"/><Entity Name="block_g" Rotation="0" xLocation="608" yLocation="704"/><Entity Name="block_g" Rotation="0" xLocation="608" yLocation="688"/><Entity Name="block_g" Rotation="0" xLocation="608" yLocation="672"/><Entity Name="block_g" Rotation="0" xLocation="608" yLocation="656"/><Entity Name="block_g" Rotation="0" xLocation="608" yLocation="640"/><Entity Name="block_g" Rotation="0" xLocation="608" yLocation="640"/><Entity Name="block_g" Rotation="0" xLocation="608" yLocation="624"/><Entity Name="block_g" Rotation="0" xLocation="608" yLocation="608"/><Entity Name="block_g" Rotation="0" xLocation="608" yLocation="592"/><Entity Name="block_g" Rotation="0" xLocation="608" yLocation="576"/><Entity Name="block_g" Rotation="0" xLocation="608" yLocation="560"/><Entity Name="block_g" Rotation="0" xLocation="608" yLocation="544"/><Entity Name="block_g" Rotation="0" xLocation="608" yLocation="528"/><Entity Name="block_g" Rotation="0" xLocation="576" yLocation="672"/><Entity Name="block_g" Rotation="0" xLocation="576" yLocation="688"/><Entity Name="block_g" Rotation="0" xLocation="560" yLocation="688"/><Entity Name="block_g" Rotation="0" xLocation="544" yLocation="688"/><Entity Name="block_g" Rotation="0" xLocation="528" yLocation="688"/><Entity Name="block_g" Rotation="0" xLocation="528" yLocation="688"/><Entity Name="block_g" Rotation="0" xLocation="528" yLocation="704"/><Entity Name="block_g" Rotation="0" xLocation="528" yLocation="704"/><Entity Name="block_g" Rotation="0" xLocation="512" yLocation="704"/><Entity Name="block_g" Rotation="0" xLocation="496" yLocation="704"/><Entity Name="block_g" Rotation="0" xLocation="496" yLocation="704"/><Entity Name="block_g" Rotation="0" xLocation="480" yLocation="704"/><Entity Name="block_g" Rotation="0" xLocation="464" yLocation="704"/><Entity Name="block_g" Rotation="0" xLocation="448" yLocation="704"/><Entity Name="block_g" Rotation="0" xLocation="432" yLocation="704"/><Entity Name="block_g" Rotation="0" xLocation="416" yLocation="704"/><Entity Name="block_g" Rotation="0" xLocation="400" yLocation="704"/><Entity Name="block_g" Rotation="0" xLocation="400" yLocation="704"/><Entity Name="block_g" Rotation="0" xLocation="384" yLocation="704"/><Entity Name="block_g" Rotation="0" xLocation="384" yLocation="704"/><Entity Name="block_g" Rotation="0" xLocation="368" yLocation="704"/><Entity Name="block_g" Rotation="0" xLocation="368" yLocation="704"/><Entity Name="block_g" Rotation="0" xLocation="352" yLocation="704"/><Entity Name="block_g" Rotation="0" xLocation="352" yLocation="704"/><Entity Name="block_g" Rotation="0" xLocation="336" yLocation="688"/><Entity Name="block_g" Rotation="0" xLocation="336" yLocation="688"/><Entity Name="block_g" Rotation="0" xLocation="320" yLocation="688"/><Entity Name="block_g" Rotation="0" xLocation="304" yLocation="688"/><Entity Name="block_g" Rotation="0" xLocation="288" yLocation="688"/><Entity Name="block_g" Rotation="0" xLocation="272" yLocation="688"/><Entity Name="block_g" Rotation="0" xLocation="256" yLocation="688"/><Entity Name="block_g" Rotation="0" xLocation="240" yLocation="704"/><Entity Name="block_g" Rotation="0" xLocation="224" yLocation="704"/><Entity Name="block_g" Rotation="0" xLocation="224" yLocation="704"/><Entity Name="block_g" Rotation="0" xLocation="208" yLocation="704"/><Entity Name="block_g" Rotation="0" xLocation="192" yLocation="704"/><Entity Name="block_g" Rotation="0" xLocation="176" yLocation="704"/><Entity Name="block_g" Rotation="0" xLocation="160" yLocation="704"/><Entity Name="block_g" Rotation="0" xLocation="144" yLocation="704"/><Entity Name="block_g" Rotation="0" xLocation="128" yLocation="704"/><Entity Name="block_g" Rotation="0" xLocation="112" yLocation="704"/><Entity Name="block_g" Rotation="0" xLocation="96" yLocation="704"/><Entity Name="block_g" Rotation="0" xLocation="80" yLocation="704"/><Entity Name="block_g" Rotation="0" xLocation="64" yLocation="704"/><Entity Name="block_g" Rotation="0" xLocation="48" yLocation="704"/><Entity Name="block_g" Rotation="0" xLocation="48" yLocation="704"/><Entity Name="block_g" Rotation="0" xLocation="48" yLocation="688"/><Entity Name="block_g" Rotation="0" xLocation="32" yLocation="688"/><Entity Name="block_g" Rotation="0" xLocation="16" yLocation="688"/><Entity Name="block_g" Rotation="0" xLocation="0" yLocation="688"/><Entity Name="block_g" Rotation="0" xLocation="0" yLocation="704"/><Entity Name="block_g" Rotation="0" xLocation="16" yLocation="704"/><Entity Name="block_g" Rotation="0" xLocation="32" yLocation="704"/><Entity Name="block_g" Rotation="0" xLocation="32" yLocation="704"/><Entity Name="block_g" Rotation="0" xLocation="256" yLocation="704"/><Entity Name="block_g" Rotation="0" xLocation="272" yLocation="704"/><Entity Name="block_g" Rotation="0" xLocation="272" yLocation="704"/><Entity Name="block_g" Rotation="0" xLocation="352" yLocation="688"/><Entity Name="block_g" Rotation="0" xLocation="368" yLocation="688"/><Entity Name="block_g" Rotation="0" xLocation="384" yLocation="688"/><Entity Name="block_g" Rotation="0" xLocation="384" yLocation="688"/><Entity Name="block_g" Rotation="0" xLocation="336" yLocation="704"/><Entity Name="block_g" Rotation="0" xLocation="320" yLocation="704"/><Entity Name="block_g" Rotation="0" xLocation="304" yLocation="704"/><Entity Name="block_g" Rotation="0" xLocation="288" yLocation="720"/><Entity Name="block_g" Rotation="0" xLocation="272" yLocation="720"/><Entity Name="block_g" Rotation="0" xLocation="272" yLocation="720"/><Entity Name="block_g" Rotation="0" xLocation="256" yLocation="720"/><Entity Name="block_g" Rotation="0" xLocation="288" yLocation="704"/><Entity Name="block_g" Rotation="0" xLocation="544" yLocation="704"/><Entity Name="block_g" Rotation="0" xLocation="544" yLocation="704"/><Entity Name="block_g" Rotation="0" xLocation="560" yLocation="704"/><Entity Name="block_g" Rotation="0" xLocation="560" yLocation="704"/><Entity Name="block_g" Rotation="0" xLocation="576" yLocation="704"/><Entity Name="block_g" Rotation="0" xLocation="544" yLocation="672"/><Entity Name="block_g" Rotation="0" xLocation="528" yLocation="672"/><Entity Name="block_g" Rotation="0" xLocation="512" yLocation="672"/><Entity Name="block_g" Rotation="0" xLocation="512" yLocation="688"/><Entity Name="block_g" Rotation="0" xLocation="496" yLocation="688"/><Entity Name="block_g" Rotation="0" xLocation="496" yLocation="688"/><Entity Name="block_g" Rotation="0" xLocation="560" yLocation="672"/><Entity Name="block_g" Rotation="0" xLocation="560" yLocation="672"/><Entity Name="block_g" Rotation="0" xLocation="496" yLocation="672"/><Entity Name="block_g" Rotation="0" xLocation="480" yLocation="672"/><Entity Name="block_g" Rotation="0" xLocation="480" yLocation="688"/><Entity Name="block_g" Rotation="0" xLocation="464" yLocation="688"/><Entity Name="block_g" Rotation="0" xLocation="464" yLocation="688"/><Entity Name="block_g" Rotation="0" xLocation="448" yLocation="672"/><Entity Name="block_g" Rotation="0" xLocation="432" yLocation="672"/><Entity Name="block_g" Rotation="0" xLocation="432" yLocation="672"/><Entity Name="block_g" Rotation="0" xLocation="432" yLocation="688"/><Entity Name="block_g" Rotation="0" xLocation="448" yLocation="688"/><Entity Name="block_g" Rotation="0" xLocation="448" yLocation="688"/><Entity Name="block_g" Rotation="0" xLocation="464" yLocation="672"/><Entity Name="block_g" Rotation="0" xLocation="400" yLocation="688"/><Entity Name="block_g" Rotation="0" xLocation="400" yLocation="688"/><Entity Name="block_g" Rotation="0" xLocation="416" yLocation="688"/><Entity Name="block_g" Rotation="0" xLocation="400" yLocation="672"/><Entity Name="block_g" Rotation="0" xLocation="400" yLocation="672"/><Entity Name="block_g" Rotation="0" xLocation="416" yLocation="672"/><Entity Name="block_g" Rotation="0" xLocation="224" yLocation="688"/><Entity Name="block_g" Rotation="0" xLocation="240" yLocation="688"/><Entity Name="block_g" Rotation="0" xLocation="240" yLocation="688"/><Entity Name="block_g" Rotation="0" xLocation="192" yLocation="688"/><Entity Name="block_g" Rotation="0" xLocation="208" yLocation="688"/><Entity Name="block_g" Rotation="0" xLocation="208" yLocation="688"/><Entity Name="block_g" Rotation="0" xLocation="128" yLocation="688"/><Entity Name="block_g" Rotation="0" xLocation="144" yLocation="688"/><Entity Name="block_g" Rotation="0" xLocation="144" yLocation="688"/><Entity Name="block_g" Rotation="0" xLocation="64" yLocation="688"/><Entity Name="block_g" Rotation="0" xLocation="80" yLocation="688"/><Entity Name="block_g" Rotation="0" xLocation="80" yLocation="688"/><Entity Name="block_g" Rotation="0" xLocation="96" yLocation="688"/><Entity Name="block_g" Rotation="0" xLocation="112" yLocation="688"/><Entity Name="block_g" Rotation="0" xLocation="112" yLocation="688"/><Entity Name="block_g" Rotation="0" xLocation="160" yLocation="688"/><Entity Name="block_g" Rotation="0" xLocation="176" yLocation="688"/><Entity Name="block_g" Rotation="0" xLocation="176" yLocation="688"/><Entity Name="block_g" Rotation="0" xLocation="624" yLocation="160"/><Entity Name="block_g" Rotation="0" xLocation="640" yLocation="160"/><Entity Name="block_g" Rotation="0" xLocation="640" yLocation="176"/><Entity Name="block_g" Rotation="0" xLocation="640" yLocation="192"/><Entity Name="block_g" Rotation="0" xLocation="640" yLocation="208"/><Entity Name="block_g" Rotation="0" xLocation="640" yLocation="224"/><Entity Name="block_g" Rotation="0" xLocation="624" yLocation="224"/><Entity Name="block_g" Rotation="0" xLocation="624" yLocation="208"/><Entity Name="block_g" Rotation="0" xLocation="624" yLocation="192"/><Entity Name="block_g" Rotation="0" xLocation="624" yLocation="176"/><Entity Name="block_g" Rotation="0" xLocation="624" yLocation="288"/><Entity Name="block_g" Rotation="0" xLocation="640" yLocation="288"/><Entity Name="block_g" Rotation="0" xLocation="640" yLocation="304"/><Entity Name="block_g" Rotation="0" xLocation="640" yLocation="320"/><Entity Name="block_g" Rotation="0" xLocation="640" yLocation="336"/><Entity Name="block_g" Rotation="0" xLocation="640" yLocation="352"/><Entity Name="block_g" Rotation="0" xLocation="640" yLocation="368"/><Entity Name="block_g" Rotation="0" xLocation="640" yLocation="368"/><Entity Name="block_g" Rotation="0" xLocation="640" yLocation="384"/><Entity Name="block_g" Rotation="0" xLocation="624" yLocation="384"/><Entity Name="block_g" Rotation="0" xLocation="624" yLocation="400"/><Entity Name="block_g" Rotation="0" xLocation="624" yLocation="416"/><Entity Name="block_g" Rotation="0" xLocation="624" yLocation="432"/><Entity Name="block_g" Rotation="0" xLocation="624" yLocation="448"/><Entity Name="block_g" Rotation="0" xLocation="640" yLocation="464"/><Entity Name="block_g" Rotation="0" xLocation="640" yLocation="480"/><Entity Name="block_g" Rotation="0" xLocation="640" yLocation="496"/><Entity Name="block_g" Rotation="0" xLocation="640" yLocation="512"/><Entity Name="block_g" Rotation="0" xLocation="640" yLocation="528"/><Entity Name="block_g" Rotation="0" xLocation="640" yLocation="544"/><Entity Name="block_g" Rotation="0" xLocation="640" yLocation="560"/><Entity Name="block_g" Rotation="0" xLocation="640" yLocation="576"/><Entity Name="block_g" Rotation="0" xLocation="640" yLocation="592"/><Entity Name="block_g" Rotation="0" xLocation="640" yLocation="608"/><Entity Name="block_g" Rotation="0" xLocation="640" yLocation="624"/><Entity Name="block_g" Rotation="0" xLocation="640" yLocation="640"/><Entity Name="block_g" Rotation="0" xLocation="640" yLocation="656"/><Entity Name="block_g" Rotation="0" xLocation="640" yLocation="672"/><Entity Name="block_g" Rotation="0" xLocation="640" yLocation="688"/><Entity Name="block_g" Rotation="0" xLocation="624" yLocation="688"/><Entity Name="block_g" Rotation="0" xLocation="624" yLocation="704"/><Entity Name="block_g" Rotation="0" xLocation="640" yLocation="704"/><Entity Name="block_g" Rotation="0" xLocation="624" yLocation="672"/><Entity Name="block_g" Rotation="0" xLocation="624" yLocation="656"/><Entity Name="block_g" Rotation="0" xLocation="624" yLocation="640"/><Entity Name="block_g" Rotation="0" xLocation="624" yLocation="640"/><Entity Name="block_g" Rotation="0" xLocation="624" yLocation="624"/><Entity Name="block_g" Rotation="0" xLocation="624" yLocation="480"/><Entity Name="block_g" Rotation="0" xLocation="624" yLocation="480"/><Entity Name="block_g" Rotation="0" xLocation="624" yLocation="464"/><Entity Name="block_g" Rotation="0" xLocation="624" yLocation="464"/><Entity Name="block_g" Rotation="0" xLocation="624" yLocation="496"/><Entity Name="block_g" Rotation="0" xLocation="624" yLocation="496"/><Entity Name="block_g" Rotation="0" xLocation="624" yLocation="512"/><Entity Name="block_g" Rotation="0" xLocation="624" yLocation="512"/><Entity Name="block_g" Rotation="0" xLocation="624" yLocation="528"/><Entity Name="block_g" Rotation="0" xLocation="624" yLocation="560"/><Entity Name="block_g" Rotation="0" xLocation="624" yLocation="576"/><Entity Name="block_g" Rotation="0" xLocation="624" yLocation="592"/><Entity Name="block_g" Rotation="0" xLocation="624" yLocation="608"/><Entity Name="block_g" Rotation="0" xLocation="624" yLocation="544"/><Entity Name="block_g" Rotation="0" xLocation="640" yLocation="432"/><Entity Name="block_g" Rotation="0" xLocation="640" yLocation="416"/><Entity Name="block_g" Rotation="0" xLocation="640" yLocation="400"/><Entity Name="block_g" Rotation="0" xLocation="640" yLocation="400"/><Entity Name="block_g" Rotation="0" xLocation="640" yLocation="448"/><Entity Name="block_g" Rotation="0" xLocation="640" yLocation="448"/><Entity Name="block_g" Rotation="0" xLocation="624" yLocation="368"/><Entity Name="block_g" Rotation="0" xLocation="624" yLocation="368"/><Entity Name="block_g" Rotation="0" xLocation="624" yLocation="352"/><Entity Name="block_g" Rotation="0" xLocation="624" yLocation="336"/><Entity Name="block_g" Rotation="0" xLocation="624" yLocation="320"/><Entity Name="block_g" Rotation="0" xLocation="624" yLocation="304"/><Entity Name="char_new_w" Rotation="0" xLocation="64" yLocation="624"/><Entity Name="block_g" Rotation="0" xLocation="304" yLocation="160"/><Entity Name="block_g" Rotation="0" xLocation="304" yLocation="176"/><Entity Name="block_g" Rotation="0" xLocation="288" yLocation="176"/><Entity Name="block_g" Rotation="0" xLocation="272" yLocation="176"/><Entity Name="block_g" Rotation="0" xLocation="256" yLocation="176"/><Entity Name="block_g" Rotation="0" xLocation="240" yLocation="176"/><Entity Name="block_g" Rotation="0" xLocation="240" yLocation="192"/><Entity Name="block_g" Rotation="0" xLocation="256" yLocation="192"/><Entity Name="block_g" Rotation="0" xLocation="272" yLocation="192"/><Entity Name="block_g" Rotation="0" xLocation="288" yLocation="192"/><Entity Name="block_g" Rotation="0" xLocation="224" yLocation="192"/><Entity Name="block_g" Rotation="0" xLocation="208" yLocation="192"/><Entity Name="block_g" Rotation="0" xLocation="192" yLocation="192"/><Entity Name="block_g" Rotation="0" xLocation="192" yLocation="192"/><Entity Name="block_g" Rotation="0" xLocation="176" yLocation="192"/><Entity Name="block_g" Rotation="0" xLocation="176" yLocation="176"/><Entity Name="block_g" Rotation="0" xLocation="176" yLocation="176"/><Entity Name="block_g" Rotation="0" xLocation="160" yLocation="176"/><Entity Name="block_g" Rotation="0" xLocation="144" yLocation="176"/><Entity Name="block_g" Rotation="0" xLocation="128" yLocation="176"/><Entity Name="block_g" Rotation="0" xLocation="128" yLocation="176"/><Entity Name="block_g" Rotation="0" xLocation="112" yLocation="176"/><Entity Name="block_g" Rotation="0" xLocation="96" yLocation="176"/><Entity Name="block_g" Rotation="0" xLocation="80" yLocation="176"/><Entity Name="block_g" Rotation="0" xLocation="80" yLocation="176"/><Entity Name="block_g" Rotation="0" xLocation="64" yLocation="176"/><Entity Name="block_g" Rotation="0" xLocation="64" yLocation="192"/><Entity Name="block_g" Rotation="0" xLocation="64" yLocation="192"/><Entity Name="block_g" Rotation="0" xLocation="48" yLocation="192"/><Entity Name="block_g" Rotation="0" xLocation="48" yLocation="192"/><Entity Name="block_g" Rotation="0" xLocation="32" yLocation="192"/><Entity Name="block_g" Rotation="0" xLocation="16" yLocation="192"/><Entity Name="block_g" Rotation="0" xLocation="16" yLocation="176"/><Entity Name="block_g" Rotation="0" xLocation="0" yLocation="176"/><Entity Name="block_g" Rotation="0" xLocation="0" yLocation="176"/><Entity Name="block_g" Rotation="0" xLocation="0" yLocation="160"/><Entity Name="block_g" Rotation="0" xLocation="16" yLocation="160"/><Entity Name="block_g" Rotation="0" xLocation="32" yLocation="160"/><Entity Name="block_g" Rotation="0" xLocation="48" yLocation="160"/><Entity Name="block_g" Rotation="0" xLocation="64" yLocation="160"/><Entity Name="block_g" Rotation="0" xLocation="80" yLocation="160"/><Entity Name="block_g" Rotation="0" xLocation="96" yLocation="160"/><Entity Name="block_g" Rotation="0" xLocation="96" yLocation="160"/><Entity Name="block_g" Rotation="0" xLocation="112" yLocation="160"/><Entity Name="block_g" Rotation="0" xLocation="112" yLocation="160"/><Entity Name="block_g" Rotation="0" xLocation="128" yLocation="160"/><Entity Name="block_g" Rotation="0" xLocation="128" yLocation="160"/><Entity Name="block_g" Rotation="0" xLocation="144" yLocation="160"/><Entity Name="block_g" Rotation="0" xLocation="144" yLocation="160"/><Entity Name="block_g" Rotation="0" xLocation="160" yLocation="160"/><Entity Name="block_g" Rotation="0" xLocation="176" yLocation="160"/><Entity Name="block_g" Rotation="0" xLocation="192" yLocation="160"/><Entity Name="block_g" Rotation="0" xLocation="208" yLocation="160"/><Entity Name="block_g" Rotation="0" xLocation="224" yLocation="160"/><Entity Name="block_g" Rotation="0" xLocation="240" yLocation="160"/><Entity Name="block_g" Rotation="0" xLocation="256" yLocation="160"/><Entity Name="block_g" Rotation="0" xLocation="272" yLocation="160"/><Entity Name="block_g" Rotation="0" xLocation="288" yLocation="160"/><Entity Name="block_g" Rotation="0" xLocation="288" yLocation="160"/><Entity Name="block_g" Rotation="0" xLocation="224" yLocation="176"/><Entity Name="block_g" Rotation="0" xLocation="208" yLocation="176"/><Entity Name="block_g" Rotation="0" xLocation="208" yLocation="176"/><Entity Name="block_g" Rotation="0" xLocation="192" yLocation="176"/><Entity Name="block_g" Rotation="0" xLocation="192" yLocation="176"/><Entity Name="block_g" Rotation="0" xLocation="0" yLocation="192"/><Entity Name="block_g" Rotation="0" xLocation="80" yLocation="192"/><Entity Name="block_g" Rotation="0" xLocation="96" yLocation="192"/><Entity Name="block_g" Rotation="0" xLocation="112" yLocation="192"/><Entity Name="block_g" Rotation="0" xLocation="128" yLocation="192"/><Entity Name="block_g" Rotation="0" xLocation="128" yLocation="192"/><Entity Name="block_g" Rotation="0" xLocation="144" yLocation="192"/><Entity Name="block_g" Rotation="0" xLocation="160" yLocation="192"/><Entity Name="block_g" Rotation="0" xLocation="48" yLocation="176"/><Entity Name="block_g" Rotation="0" xLocation="32" yLocation="176"/><Entity Name="block_g" Rotation="0" xLocation="320" yLocation="416"/><Entity Name="block_g" Rotation="0" xLocation="336" yLocation="416"/><Entity Name="block_g" Rotation="0" xLocation="336" yLocation="416"/><Entity Name="block_g" Rotation="0" xLocation="352" yLocation="416"/><Entity Name="block_g" Rotation="0" xLocation="368" yLocation="416"/><Entity Name="block_g" Rotation="0" xLocation="384" yLocation="416"/><Entity Name="block_g" Rotation="0" xLocation="400" yLocation="416"/><Entity Name="block_g" Rotation="0" xLocation="416" yLocation="416"/><Entity Name="block_g" Rotation="0" xLocation="432" yLocation="416"/><Entity Name="block_g" Rotation="0" xLocation="448" yLocation="416"/></Level>